nombre_producto;marca;mercado;categoria;subcategoria;vehiculo;empaque;presentacion;ingredientes_clave;formula_base;para_que_sirve;claim_original;precio_usd;ventas_30d;ventas_totales;gmv_30d_usd;gmv_total_usd;rating;reviews;tiktok_product_id;url_imagen;fuente;evidencia_viral;semaforo_invima;motivo_semaforo;adaptacion_colombia;notas;archivo_origen;duplicado_de_otro_archivo
Biotin Gummies AH-MAZING HAIR;Bears with Benefits;US;CAB;Biotina en gomita;Gomita;Frasco;30 gomitas (1 mes);Biotina 5.000 mcg | Vitamina C | Vitamina E | Zinc;Biotina (5.000 mcg) + vitamina C + vitamina E + zinc;Fortalecer cabello, piel y uñas y apoyar el crecimiento del cabello.;Biotin Gummies for Hair Growth, Skin & Nails – 5000 mcg Biotin + Vitamins C & E + Zinc;34.95;14573;127716;1000829.38;8459175.79;4.6;11913;1730755223971074070;https://echosell-images.tos-ap-southeast-1.volces.com/product-cover/16/1730755223971074070_0.webp;TikTok Shop US vía Ecom Magic;"14.573 unidades y ~US$1,0 M de GMV en 30 días; 127.716 vendidas en total, 4.457 creadores y 12.378 videos.";Verde;"Vitaminas y zinc son ingredientes típicos de suplemento dietario; solo hay que validar la dosis de biotina frente a los máximos de la Res. 3096/2007.";"Gomita de biotina + vitaminas C y E + zinc; ajustar la biotina al máximo permitido y declarar 'contribuye al mantenimiento del cabello'.";"El precio de US$34,95 es el de 1 frasco; el salePrice medio de US$77,38 incluye multipacks.";productos_belleza.json;
Biotin Gummies 5000;Rosabella;US;CAB;Biotina en gomita;Gomita;Frasco;Frasco de gomitas (1 mes);Biotina 5.000 mcg;Biotina (5.000 mcg) + vitamina C + vitamina E + zinc;Apoyar el crecimiento y la fuerza del cabello, la piel y las uñas.;Biotin Gummies (5000mg) for Hair, Skin & Nails Growth;34.99;364;68622;10093.65;997966.9;4.3;3828;1730575100230669062;https://echosell-images.tos-ap-southeast-1.volces.com/product-cover/319/1730575100230669062_0.webp;TikTok Shop US vía Ecom Magic;"68.622 unidades vendidas en total, 50,5 M de vistas y 5.958 creadores; ventas actuales en caída (364 en 30 días).";Verde;"Es una vitamina sola; solo hay que ajustar la dosis.";Misma fórmula base que Bears with Benefits: puede ir sobre el mismo registro.;La etiqueta dice '5000mg', que es un error del listing: es 5.000 mcg. No se pudo confirmar si lleva cofactores.;productos_belleza.json;
24-in-1 Advanced Hair Growth Vitamins;Rainbow Nutrients;US;CAB;Multivitamínico capilar con DHT-blocker;Cápsula;Frasco;"30 días (frasco); también en packs de 60 y 180 días";Biotina 10.000 mcg | Colágeno | OptiMSM (metilsulfonilmetano) | goMCT | Saw palmetto | + vitaminas y minerales (24 ingredientes);Biotina alta + colágeno + MSM + saw palmetto + complejo vitamínico-mineral;Reducir la caída y engrosar el cabello.;Naturally Regrow Stronger & Healthier Hair, Skin and Nails | Stops Hair Loss;48.99;1816;9643;70295.76;308515.73;4.6;1196;1732315238773199403;https://echosell-images.tos-ap-southeast-1.volces.com/product-cover/812/1732315238773199403_0.webp;TikTok Shop US vía Ecom Magic;"1.816 unidades en 30 días; con el pack de 3 (id 1731962821914759723, 1.616 en 30 días y US$754 K de GMV total) supera US$1 M acumulado.";Amarillo;El saw palmetto puede requerir clasificación fitoterapéutica, y el claim 'stops hair loss' es terapéutico.;Quitar el saw palmetto y dejar biotina + MSM + colágeno + zinc + selenio + vitaminas del grupo B, sin claim de 'detener la caída'.;El vehículo (cápsula) no está confirmado en la etiqueta. Fuente de la marca: WebSearch (kalodata / shop.tiktok.com).;productos_belleza.json;
Hair Care Liposomal;MaryRuth's;US;CAB;Vitaminas capilares líquidas liposomales;Líquido/Shot;Caja con sachets;14 pouches líquidos;Vitamina D3 | Vitamina E | Biotina | Ácido hialurónico | Selenio;Biotina + vitamina D3 + vitamina E + selenio + ácido hialurónico (liposomal líquido);Apoyar el crecimiento del cabello con una fórmula líquida de alta absorción.;Hair Growth Vitamins - Vitamin D3, Vitamin E, Biotin, Hyaluronic Acid & Selenium - Vegan;32.95;0;12846;0;588587.43;4.2;1391;1729474569362641870;https://echosell-images.tos-ap-southeast-1.volces.com/product-cover/313/1729474569362641870_0.webp;TikTok Shop US vía Ecom Magic;"12.846 unidades y US$588 K de GMV acumulado; 5,1 M de vistas. Hoy está sin ventas en 30 días.";Verde;Vitaminas, selenio y ácido hialurónico son habituales en suplemento dietario.;"Shot líquido en sachet de biotina + D3 + E + selenio + ácido hialurónico; el formato liposomal es opcional.";Precio desde US$32,95 (rango hasta US$107,8). Producto sin ventas recientes.;productos_belleza.json;
Liquid Silica Concentrate;Eidon Ionic Minerals;US;CAB;Silicio líquido;Gotas;Gotero;2 oz (59 ml) concentrado;Sílice / silicio iónico;Silicio (sílice) iónico líquido;Apoyar la formación de colágeno, el cabello y las uñas.;Liquid Silica ... Collagen water hair growth women ... Collagen Refines Skin;28.59;283;10108;5505.61;197441.33;4.6;548;1729440668088243185;https://echosell-images.tos-ap-southeast-1.volces.com/product-cover/760/1729440668088243185_0.webp;TikTok Shop US vía Ecom Magic;10.108 unidades en total, 843 creadores y 2,4 M de vistas.;Verde;El silicio es un mineral de uso común en suplementos de belleza.;Gotas de silicio orgánico (por ejemplo, ácido ortosilícico estabilizado) solo o con biotina y zinc.;Es el único producto en gotas de la categoría.;productos_belleza.json;
Biotina 60 cápsulas;Windboss;MX;CAB;Biotina en cápsula;Cápsula;Frasco;60 cápsulas;Biotina (dosis no publicada en el listing);Biotina sola;Contribuir al mantenimiento del cabello, la piel y las uñas.;Contribuye al Mantenimiento del Cabello, Piel y Uñas | Apoyo al Metabolismo Energético;8.31;1562;19891;;;4.8;2207;1732465801434858623;https://echosell-images.tos-ap-southeast-1.volces.com/product-cover/966/1732465801434858623_0.webp;TikTok Shop MX vía Ecom Magic;"1.562 unidades en 30 días y 19.891 en total en TikTok Shop MX; 3.151 videos.";Verde;Es una vitamina sola.;Cápsula de biotina o, mejor, combinada con zinc y selenio (tipo Vitybell) para diferenciarse.;"El salePrice reportado es 153,74 (rango 70,91–236,56), lo que solo tiene sentido en MXN; aquí se convierte 153,74 MXN / 18,5 = US$8,31. El GMV reportado (64.769 en 30 días y 651.067 total) también estaría en MXN. Windboss también vende 'Biotina MAX + Colágeno', viral en Colombia.";productos_belleza.json;
Vitybell (el 'Vitabel' viral);Procaps;CO;CAB;Complejo B + minerales capilares;Softgel;Blíster;Caja x 30 cápsulas blandas (3 blísteres x 10);Biotina (B8) 0,9 mg | D-pantenol (B5) 3 mg | Nicotinamida (B3) 17,5 mg | Riboflavina (B2) 0,8 mg | Piridoxina (B6) 1 mg | Zinc (sulfato) 40 mg | Cobre (sulfato) 5 mg | Selenio 200 mcg;Complejo B capilar (biotina + B5 + B3 + B2 + B6) + zinc + cobre + selenio;"Fortalecer el cabello y las uñas y mejorar la piel; complemento en la nutrición deficiente de piel y cabello.";5 vitaminas y 3 minerales para cabello, piel y uñas – 1 cápsula diaria;;;;;;;;;;"WebSearch: https://doctorderma.co/products/vitybell ; https://www.cruzverde.com.co/blog/que-es-para-que-sirve-vitybell/";"Referente colombiano en farmacias (Cruz Verde, Farmatodo, Locatel) y en Mercado Libre CO; muy mencionado en TikTok como 'Vitabel'.";Verde;Ya está registrado en Colombia como suplemento dietario con vitaminas y minerales.;"Replicar la fórmula base (biotina + B3 + B5 + B2 + B6 + zinc + cobre + selenio) en softgel o en gomita/cápsula para una marca propia; ojo con zinc 40 mg y selenio 200 mcg, que están en el límite.";'Vitabel' es el nombre coloquial de Vitybell (Procaps). Hay una variante Vitybell Fem en tableta con colágeno. Sin datos de TikTok Shop porque no hay TikTok Shop en CO.;productos_belleza.json;
Multi Collagen Peptides Powder;Micro Ingredients;US;COL;Colágeno hidrolizado multi-tipo en polvo;Polvo;Bolsa doypack;1 lb (454 g);Péptidos de colágeno hidrolizado tipos I, II, III, V y X | Ácido hialurónico | Biotina | Vitamina C;Colágeno hidrolizado multi-tipo (I, II, III, V, X) + ácido hialurónico + biotina + vitamina C;Mejorar la firmeza de la piel, el cabello, las uñas y las articulaciones.;Multi Collagen Peptides Powder - Hydrolyzed Protein Peptides (Type I,II,III,V,X) with Hyaluronic Acid, Biotin & Vitamin C;51.95;13522;1377540;697967.33;45616018.67;4.7;125193;1729385034780414637;https://echosell-images.tos-ap-southeast-1.volces.com/product-cover/252/1729385034780414637_0.webp;TikTok Shop US vía Ecom Magic;"1.377.540 unidades y US$45,6 M de GMV acumulado (el más vendido de la categoría); 13.522 unidades en 30 días y 125 mil reseñas.";Verde;Colágeno, ácido hialurónico, biotina y vitamina C son ingredientes estándar de suplemento dietario.;"Registrar el polvo de colágeno hidrolizado + ácido hialurónico + biotina + vitamina C; es la fórmula base más repetida y sirve también para cápsula.";El empaque (doypack o tarro) no está confirmado.;productos_belleza.json;
Collagen Peptides Powder 20oz;NeoCell;US;COL;Colágeno hidrolizado bovino I y III;Polvo;Tarro;20 oz (567 g) / ~30 porciones de 20 g;Péptidos de colágeno bovino grass-fed tipos I y III 20 g/porción | 18 aminoácidos;Colágeno hidrolizado bovino tipo I y III (puro);Apoyar la piel, el cabello, las uñas y las articulaciones con colágeno puro.;Collagen Peptides Powder 20oz - Grassfed Protein Supplement - Advanced with 18 Essential Amino Acids;34.99;36895;822486;1225540.53;26334071.29;4.7;88625;1731006372333326477;https://echosell-images.tos-ap-southeast-1.volces.com/product-cover/76/1731006372333326477_0.webp;TikTok Shop US vía Ecom Magic;"36.895 unidades y US$1,23 M en 30 días; #9 de TikTok Shop US en Q2 2026 (US$5,57 M) y #4 en Q1 2026 (US$8,3 M) según FastMoss.";Verde;Es colágeno hidrolizado puro.;"Colágeno hidrolizado bovino tipo I y III en polvo, sin sabor; la fórmula más simple de registrar y la base para muchas marcas.";Fuente del ranking: https://www.fastmoss.com/blog/best-selling-tiktok-shop-products-us-q2-2026/. La versión NeoCell 'Super Collagen Plus' lleva 12 g de colágeno + 120 mg de vitamina C + 60 mg de ácido hialurónico.;productos_belleza.json;
Collagen Peptides 5 Types 1800mg;Toplux Nutrition;US;COL;Colágeno multi-tipo en cápsula;Cápsula;Frasco;90 cápsulas;Péptidos de colágeno 5 tipos 1.800 mg/porción;Colágeno hidrolizado multi-tipo (I, II, III, V, X) en cápsula;Aportar colágeno para la piel, el cabello, las uñas y las articulaciones en cápsula.;Collagen Peptides 5 Types Complex 1800mg US Made ... Health Beauty Fitness;24.97;9894;339592;205133.83;6488088.1;4.5;28940;1729449360193654830;https://echosell-images.tos-ap-southeast-1.volces.com/product-cover/1014/1729449360193654830_0.webp;TikTok Shop US vía Ecom Magic;"339.592 unidades y US$6,5 M de GMV acumulado; 9.894 en 30 días. La marca es Toplux, #2 de TikTok Shop US en Q2 2026 con su magnesio.";Verde;Es colágeno hidrolizado.;"Cápsula de colágeno multi-tipo; puede ampliarse con vitamina C + biotina para converger con la fórmula de VivoNu y Megneta.";;productos_belleza.json;
PeachPout Creatine for Women;YESNAP;US;COL;Creatina + colágeno para mujer;Sachet/Stick;Caja con sachets;30 sobres sabor durazno;Creatina monohidrato 5 g | Colágeno 5 g | Inositol 500 mg | BCAA 2:1:1 2 g | Maca | Ácido hialurónico | Vitamina D3;Creatina + colágeno hidrolizado + inositol + BCAA + maca + ácido hialurónico;Dar tono muscular y energía y, a la vez, cuidar la elasticidad de la piel en mujeres.;5g Creatine Monohydrate + 5g Collagen Powder, Myo-Inositol & BCAA, MACA, Hyaluronic Acid ... All-in-One Women Wellness;44.01;33914;70000;1228801.95;2512842.15;4.4;6357;1732376373883998234;https://echosell-images.tos-ap-southeast-1.volces.com/product-cover/724/1732376373883998234_0.webp;TikTok Shop US vía Ecom Magic;"33.914 unidades y US$1,23 M en 30 días (tendencia al alza; lanzado en mayo de 2026); 950 videos en 30 días. Otros 2 listings suman ~14 mil más.";Amarillo;La creatina y la maca pueden exigir clasificación o límites específicos, y el inositol tiene claims hormonales delicados.;Stick de creatina 3–5 g + colágeno 5 g + ácido hialurónico + vitamina D, sin maca ni claim hormonal.;"Producto puente entre COL y ENE; puede estar duplicado con el agente de Energía/Gym.";productos_belleza.json;
BGV Collagen Powder;Black Girl Vitamins;US;COL;Colágeno hidrolizado bovino I y III;Polvo;Bolsa doypack;"16 oz (454 g); scoop de 10 g";Colágeno bovino grass-fed tipos I y III 10 g/scoop (9 g de proteína);Colágeno hidrolizado bovino tipo I y III (puro);Dar piel más firme, cabello más grueso y menos quiebre de uñas.;Collagen Peptides for Hair, Skin & Nails;46.03;1967;25197;157428.93;1834401.84;4.8;3468;1731265149046723256;https://echosell-images.tos-ap-southeast-1.volces.com/product-cover/124/1731265149046723256_0.webp;TikTok Shop US vía Ecom Magic;"25.197 unidades y US$1,83 M acumulado; el bundle de la marca (id 1731261722942411448) suma 4.602 unidades más en 30 días.";Verde;Es colágeno hidrolizado puro.;"Mismo registro que NeoCell (colágeno I y III puro); se diferencia por marca y nicho.";Precio de 1 unidad US$46,03 (salePrice medio US$80,04 por multipacks). Fuente de la composición: consumerhealthdigest.com.;productos_belleza.json;
Marine Collagen Peptides + HA + Biotin;;US;COL;Colágeno marino hidrolizado;Polvo;Bolsa doypack;16 oz (454 g);Péptidos de colágeno marino hidrolizado | Ácido hialurónico | Biotina | Vitamina C;Colágeno marino hidrolizado + ácido hialurónico + biotina + vitamina C;Aportar colágeno marino para piel, cabello, uñas y articulaciones.;Marine Collagen Peptides - Hydrolyzed Ultra-fine Collagen Powder ... Hyaluronic Acid, Biotin, Vitamin C;52.95;3978;14350;210635.1;723512.86;4.8;1559;1732018427366511374;https://echosell-images.tos-ap-southeast-1.volces.com/product-cover/487/1732018427366511374_0.webp;TikTok Shop US vía Ecom Magic;"3.978 unidades en 30 días con tendencia al alza; 1.458 videos en 30 días.";Verde;Lleva ingredientes estándar.;"Variante 'marina' de la fórmula multi-colágeno; requiere su propio registro si cambia la fuente del colágeno.";El listing no muestra la marca.;productos_belleza.json;
Liquid Collagen Renewal 4000mg;NatureWise;US;COL;Colágeno líquido;Líquido/Shot;Botella;Botella multi-porción, sabor frutos rojos o mango;Colágeno hidrolizado tipos I y III 4.000 mg | Biotina | Vitamina C | Complejo B | Ácido hialurónico;Colágeno hidrolizado líquido + biotina + vitamina C + complejo B + ácido hialurónico;Aportar colágeno bebible de alta absorción para piel, cabello y uñas.;Hydrolyzed Liquid Collagen 4000mg - High Absorption ... + Biotin + Vitamin C + B Complex & Hyaluronic Acid;39.63;4099;42630;114870.62;1260484.12;4.7;6154;1729591399196300028;https://echosell-images.tos-ap-southeast-1.volces.com/product-cover/894/1729591399196300028_0.webp;TikTok Shop US vía Ecom Magic;"4.099 unidades en 30 días y 42.630 en total (US$1,26 M); 3.435 creadores. Zena Nutrition, con la misma fórmula líquida, suma 23.869 unidades más.";Verde;"Lleva ingredientes estándar; el reto es la estabilidad del líquido.";"Colágeno líquido o shot con biotina + vitamina C + ácido hialurónico; registrarlo como forma líquida aparte del polvo.";Zena Nutrition Liquid Collagen + Biotin (id 1730198206748725363, 845 unidades en 30 días) queda agrupado en esta fórmula.;productos_belleza.json;
k2o Advanced Skin Hydration Mix;k2o by Kylie Jenner;US;COL;Hidratación + colágeno Verisol en stick;Sachet/Stick;Caja con sachets;20 sticks (3 sabores);Electrolitos | Ácido hialurónico | Péptidos de colágeno Verisol;Electrolitos + ácido hialurónico + péptidos de colágeno bioactivo (Verisol);Hidratar la piel desde adentro y reducir arrugas.;Clinically Shown to Boost Hydration & Reduce Wrinkles;55.89;6813;83004;336599.1;3704396.86;4.5;9803;1732321173308543570;https://echosell-images.tos-ap-southeast-1.volces.com/product-cover/501/1732321173308543570_0.webp;TikTok Shop US vía Ecom Magic;"83.004 unidades y US$3,7 M desde abril de 2026; 2.270 videos y 1.535 creadores en 30 días.";Verde;Electrolitos, colágeno y ácido hialurónico son ingredientes permitidos.;"Stick de electrolitos + colágeno hidrolizado + ácido hialurónico ('agua de belleza'); claim de hidratación, no 'reduce arrugas'.";"Producto de celebridad; el formato stick 'beauty hydration' es la tendencia.";productos_belleza.json;
Liposomal Glutathione 1155 mg;Cata-Kor;US;COL;Glutatión liposomal (glow / antioxidante);Cápsula;Frasco;60 cápsulas / 30 porciones (2 cápsulas);Complejo de L-glutatión liposomal 1.000 mg (500 mg de L-glutatión) | Resveratrol 100 mg | Vitamina C 50 mg | Selenio 55 mcg | Riboflavina (B2) 5 mg;Glutatión reducido (liposomal) + vitamina C (+ selenio / resveratrol);Dar acción antioxidante, piel luminosa y apoyo celular.;Supports Antioxidant Defense & Cellular Health – Skin Brightening;80.0;8947;77316;1026247.58;9082129.54;4.5;5155;1732296253042823390;https://echosell-images.tos-ap-southeast-1.volces.com/product-cover/505/1732296253042823390_0.webp;TikTok Shop US vía Ecom Magic;"US$1,03 M de GMV en 30 días y US$9,1 M acumulado; la marca anuncia '#1 Best Seller en TikTok Shop' (nota de prensa en Yahoo Finance).";Amarillo;Glutatión y resveratrol pueden requerir evaluación como ingrediente nuevo, y el claim 'aclarante' no se permite.;"Cápsula de glutatión + vitamina C + selenio con claim 'antioxidante'; quitar el resveratrol si complica el registro.";Precio de 1 unidad US$80 (salePrice medio US$160 por multipacks). Fuente: https://finance.yahoo.com/healthcare/articles/cata-kor-liposomal-glutathione-claims-181200371.html. Rosabella Liposomal Glutathione (id 1732307596354622214, cápsulas, 9.628 unidades en 30 días y US$501 K) entra en esta misma fórmula.;productos_belleza.json;
Liposomal Glutathione Setria (26 sobres);Cymbiotika;US;COL;Glutatión liposomal líquido;Líquido/Shot;Caja con sachets;26 sobres líquidos;L-glutatión reducido Setria (liposomal);Glutatión reducido (liposomal) + vitamina C (+ selenio / resveratrol);Dar acción antioxidante y detox, piel luminosa y apoyo a hígado e inmunidad.;Master Antioxidant & Detox | Clinically Proven 3x Better Absorbed | Skin Brightening;88.0;10452;62600;866712.0;5290908.42;4.8;8697;1731884676262629426;https://echosell-images.tos-ap-southeast-1.volces.com/product-cover/260/1731884676262629426_0.webp;TikTok Shop US vía Ecom Magic;"10.452 unidades y US$867 K en 30 días; 961 videos y 579 creadores en 30 días.";Amarillo;El glutatión es un ingrediente no convencional y los claims 'detox' y 'brightening' no son admisibles.;Shot líquido de glutatión + vitamina C en sachet con claim 'antioxidante'.;Marca identificada por WebSearch. La misma tienda vende el 'Liposomal Beauty Peptide Complex' (Verisol + ceramosides, 12 sobres, id 1732586871562014770, 753 unidades en 30 días, lanzado en septiembre de 2026).;productos_belleza.json;
Liposomal Glutathione Direct (tiras);ESTHER FORMULA;US;COL;Glutatión en film oral (K-beauty);Otro;Caja con sachets;30 tiras x 80 mg;Glutatión liposomal 80 mg por tira;Glutatión reducido (liposomal) + vitamina C (+ selenio / resveratrol);Dar luminosidad y uniformidad al tono de la piel con efecto antioxidante.;Glutathione Strips, Korean Beauty Supplement ... Skin Tone Care, Inner Beauty;48.09;5600;48912;514162.32;3212812.11;4.4;2976;1731249117070201460;https://echosell-images.tos-ap-southeast-1.volces.com/product-cover/928/1731249117070201460_0.webp;TikTok Shop US vía Ecom Magic;"5.600 unidades y US$514 K en 30 días; US$3,2 M acumulado.";Amarillo;El film oral es un vehículo poco habitual en el INVIMA, el glutatión es no convencional y el claim de tono de piel no se permite.;"Pasar a cápsula o sachet (fórmula de glutatión + vitamina C); el film oral es difícil de fabricar localmente.";Vehículo = film oral dispersable. Precio de 1 caja US$48,09 (el medio de US$119,62 incluye packs).;productos_belleza.json;
NAD+ Advanced 500mg;Cata-Kor;US;COL;Longevidad NAD+;Cápsula;Frasco;60 cápsulas (30 días);NAD+ 500 mg por porción (antes Reus Research NR 900);Precursor de NAD+ (NAD+ / nicotinamida ribósido);Apoyar la energía celular y el envejecimiento saludable, incluida la piel.;NAD+ Supplement for Skin Aging Support, Energy, and Focus;51.99;2555;198303;119282.47;7647075.81;4.6;13408;1731271330635944158;https://echosell-images.tos-ap-southeast-1.volces.com/product-cover/53/1731271330635944158_0.webp;TikTok Shop US vía Ecom Magic;"El listing histórico (id 1729445487257948279) acumula 613.893 unidades y US$28,1 M; el listing actual suma 198.303 unidades y US$7,6 M.";Amarillo;NAD+ y NR no tienen tradición de uso en Colombia y pasarían por la Sala Especializada como ingrediente nuevo.;Fórmula 'longevidad' con niacinamida (B3) + CoQ10 + vitamina C + selenio, que son ingredientes ya aceptados.;La composición exacta no se pudo verificar por falta de búsquedas web.;productos_belleza.json;
NMN Complex 1000mg;Micro Ingredients;US;COL;Longevidad NMN complex;Cápsula;Frasco;Frasco de cápsulas;NMN 500 mg | Vitamina C | Resveratrol | CoQ10 | TMG | Quercetina | Glutatión;NMN + resveratrol + CoQ10 + TMG + quercetina + glutatión + vitamina C;Apoyar el NAD+ y el antienvejecimiento celular.;NMN Complex 1,000mg Per Serving, 10-1 Complex ... NAD+ Supplement Precursor;39.95;5925;129144;236703.75;5466506.08;4.6;8059;1731976483732624045;https://echosell-images.tos-ap-southeast-1.volces.com/product-cover/236/1731976483732624045_0.webp;TikTok Shop US vía Ecom Magic;"129.144 unidades y US$5,5 M acumulado; 5.925 en 30 días.";Rojo;El NMN no está reconocido como ingrediente de suplemento y su estatus es controvertido incluso en EE. UU.;Quitar el NMN y usar CoQ10 + resveratrol + quercetina + vitamina C + niacinamida como antioxidante 'antiedad'.;;productos_belleza.json;
Astaxanthin 12mg;Micro Ingredients;US;COL;Astaxantina (antioxidante / glow);Softgel;Frasco;Frasco de softgels (120);Astaxantina 12 mg (microalga Haematococcus);Astaxantina natural de microalga;Dar acción antioxidante para la piel y protección frente al daño oxidativo.;Astaxanthin 12mg | Natural Tanning, Fresh Microalgae Source;34.95;7874;232835;307893.68;8272924.19;4.6;14432;1729409703327011501;https://echosell-images.tos-ap-southeast-1.volces.com/product-cover/84/1729409703327011501_0.webp;TikTok Shop US vía Ecom Magic;"232.835 unidades y US$8,3 M acumulado; 7.874 en 30 días. Los bundles 'Glow' de la misma tienda suman decenas de miles de unidades más.";Amarillo;La astaxantina tiene límites de dosis y el claim 'natural tanning' es inadmisible.;Softgel de astaxantina 4–6 mg + vitamina E con claim 'antioxidante'.;Precio de 1 unidad US$34,95 (salePrice medio US$40,2).;productos_belleza.json;
Lemme Glow Collagen Gummies;Lemme;US;COL;Colágeno en gomita;Gomita;Frasco;60 gomitas sabor durazno;Péptidos multi-colágeno | Biotina | Zinc | Vitaminas A, C y E | Minerales traza;Colágeno hidrolizado + biotina + zinc + vitaminas A, C y E (gomita);Dar cabello más grueso, uñas fuertes y piel saludable en una gomita.;Collagen Gummies for Thick Hair, Strong Nails & Healthy Skin;39.0;465;8617;17559.0;252351.71;4.7;650;1729441958162502503;https://echosell-images.tos-ap-southeast-1.volces.com/product-cover/534/1729441958162502503_0.webp;TikTok Shop US vía Ecom Magic;"8.617 unidades y US$252 K acumulado; es el líder de la búsqueda 'collagen gummies' en TikTok Shop US.";Verde;Lleva ingredientes estándar.;"Gomita de colágeno + biotina + zinc + vitaminas A, C y E; la dosis de colágeno por gomita es baja, así que conviene enfatizar la biotina.";"En gomita el colágeno vende poco en TikTok US; el formato ganador es el polvo.";productos_belleza.json;
Péptidos de Colágeno Multi-tipo + Vit C + Biotina;VivoNu;MX;COL;Colágeno multi-tipo en cápsula;Cápsula;Frasco;60 cápsulas (2.200 mg);Péptidos de colágeno tipos I, II, III, V y X | Vitamina C | Biotina;Colágeno hidrolizado multi-tipo (I, II, III, V, X) + ácido hialurónico + biotina + vitamina C;Mejorar la piel, el cabello, las uñas y el bienestar diario.;Fórmula Multicolágeno para Piel, Cabello, Uñas y Bienestar Diario;9.06;8399;46469;;;4.8;4437;1734468165313135824;https://echosell-images.tos-ap-southeast-1.volces.com/product-cover/379/1734468165313135824_0.webp;TikTok Shop MX vía Ecom Magic;"8.399 unidades en 30 días (líder de colágeno en TikTok Shop MX); 23,7 M de vistas y 189 videos en 30 días.";Verde;Lleva ingredientes estándar.;"Cápsula multi-colágeno + vitamina C + biotina (+ ácido hialurónico); misma fórmula base que Micro Ingredients en otro vehículo.";"El salePrice reportado es 167,67 (rango 77,32–258,01), coherente con MXN; aquí 167,67 / 18,5 = US$9,06. El GMV reportado (333.222 en 30 días y 1.361.416 total) también estaría en MXN. El bundle con probióticos (id 1733134840009098448) suma 1.544 unidades más en 30 días.";productos_belleza.json;
Colágeno Multi-Tipo + Biotina + Vit C + Zinc + Ác. Hialurónico 2230mg;Megneta;MX;COL;Colágeno multi-tipo en cápsula;Cápsula;Frasco;90 cápsulas;Péptidos de colágeno I, II, III, V y X | Biotina | Vitamina C | Zinc | Ácido hialurónico;Colágeno hidrolizado multi-tipo (I, II, III, V, X) + ácido hialurónico + biotina + vitamina C;Fórmula todo en uno para piel, cabello, uñas y articulaciones.;Fórmula Todo en Uno para Piel, Cabello, Uñas y Articulaciones – 2230 mg;29.96;4672;26616;137148.28;709222.27;4.8;1870;1734464722746967493;https://echosell-images.tos-ap-southeast-1.volces.com/product-cover/63/1734464722746967493_0.webp;TikTok Shop MX vía Ecom Magic;"4.672 unidades en 30 días y 26.616 en total; 33 M de vistas.";Verde;Lleva ingredientes estándar.;"Misma fórmula base que VivoNu y Micro Ingredients, con zinc; candidata a registro compartido.";"La herramienta reporta los precios MX con currency=USD; el cociente GMV/unidades es coherente con USD, así que se dejan tal cual (si fueran MXN, dividir entre 18.5). El precio es el de 1 unidad (minPrice); el salePrice medio es 53,98.";productos_belleza.json;
Complejo de Colágeno Múltiple 120 cápsulas;SWIYIE;MX;COL;Colágeno multi-tipo en cápsula;Cápsula;Frasco;120 cápsulas;Péptidos de colágeno hidrolizado tipos I, II, III, V y X;Colágeno hidrolizado multi-tipo (I, II, III, V, X) en cápsula;Apoyar la piel, el cabello, las uñas y las articulaciones.;Péptidos Hidrolizados Tipo I, II, III, V, X. Apoyo para Piel, Cabello, Uñas y Articulaciones;17.57;0;76024;0;1318757.11;4.7;8012;1732387723748738463;https://echosell-images.tos-ap-southeast-1.volces.com/product-cover/923/1732387723748738463_0.webp;TikTok Shop MX vía Ecom Magic;"76.024 unidades y 8.012 reseñas en TikTok Shop MX; 30,6 M de vistas totales.";Verde;Es colágeno hidrolizado.;Misma fórmula que Toplux (multi-colágeno en cápsula).;"La herramienta reporta los precios MX con currency=USD; el cociente GMV/unidades es coherente con USD, así que se dejan tal cual (si fueran MXN, dividir entre 18.5). Reporta 0 ventas en 30 días aunque tuvo 128 mil vistas en 7 días; podría ser un dato desfasado.";productos_belleza.json;
Polvo de Péptidos de Colágeno Múltiple + Biotina + Vit C;Windboss;MX;COL;Colágeno multi-tipo en polvo;Polvo;Bolsa doypack;1 lb (454 g), sin sabor;Péptidos de colágeno I, II, III, V y X | Biotina | Vitamina C;Colágeno hidrolizado multi-tipo (I, II, III, V, X) + ácido hialurónico + biotina + vitamina C;Apoyar la piel, el cabello, las uñas y las articulaciones.;Péptidos de Proteína Hidrolizada Tipos I, II, III, V, X con Biotina y Vitamina C;9.18;310;23078;;;4.7;2722;1731765481052735615;https://echosell-images.tos-ap-southeast-1.volces.com/product-cover/915/1731765481052735615_0.webp;TikTok Shop MX vía Ecom Magic;23.078 unidades, 41,2 M de vistas y 2.678 creadores en TikTok Shop MX.;Verde;Lleva ingredientes estándar.;"Es el clon mexicano de Micro Ingredients; la misma fórmula base en polvo sirve para Colombia.";"El salePrice reportado es 169,8 (rango 78,32–261,27), coherente con MXN; aquí 169,8 / 18,5 = US$9,18. El GMV reportado (14.941 en 30 días y 966.225 total) también estaría en MXN.";productos_belleza.json;
Péptidos de Colágeno Hidrolizado Puro Tipo I & III 500 g;Beyond Vitamins;MX;COL;Colágeno hidrolizado bovino I y III;Polvo;Bolsa doypack;500 g / 50 días;Colágeno hidrolizado bovino tipos I y III (pastoreo libre);Colágeno hidrolizado bovino tipo I y III (puro);Aportar colágeno puro sin sabor para piel, cabello y articulaciones.;Certificado 100% Pastoreo Libre | Alta Pureza | ¡Disuelve rápido!;36.42;445;19386;8726.65;189039.25;4.8;1167;1731734988363303618;https://echosell-images.tos-ap-southeast-1.volces.com/product-cover/430/1731734988363303618_0.webp;TikTok Shop MX vía Ecom Magic;19.386 unidades en total y 445 en 30 días en TikTok Shop MX.;Verde;Es colágeno puro.;Misma fórmula que NeoCell y BGV (colágeno I y III puro).;"La herramienta reporta los precios MX con currency=USD; el cociente GMV/unidades es coherente con USD, así que se dejan tal cual (si fueran MXN, dividir entre 18.5).";productos_belleza.json;
Aguaje + Fenogreco 1000 mg;Kukamonga;MX;BBL;Aguaje + fenogreco;Cápsula;Frasco;60 cápsulas de 1.000 mg (1 mes);Aguaje (Mauritia flexuosa) en polvo | Fenogreco (Trigonella foenum-graecum);Aguaje (Mauritia flexuosa) + fenogreco (+ maca);Dar apoyo hormonal femenino natural asociado a la definición de curvas.;Aguaje + Fenogreco | Frasco con 60 Cápsulas | 1000 Mg C/U | Duración de 1 Mes;14.32;401;17740;4864.01;238512.98;4.7;1620;1731952862752639549;https://echosell-images.tos-ap-southeast-1.volces.com/product-cover/656/1731952862752639549_0.webp;TikTok Shop MX vía Ecom Magic;"17.740 unidades y 22,3 M de vistas en TikTok Shop MX; el líder de 'aguaje' en ventas recientes (401 en 30 días, al alza).";Amarillo;Aguaje y fenogreco son extractos vegetales que podrían clasificarse como fitoterapéuticos, y el claim de aumentar glúteos es imposible.;"Cápsula de aguaje + fenogreco + vitamina E (+ maca baja) con claims de 'bienestar femenino' y 'antioxidante'; la comunicación de curvas solo en el creativo, nunca en la etiqueta.";"La herramienta reporta los precios MX con currency=USD; el cociente GMV/unidades es coherente con USD, así que se dejan tal cual (si fueran MXN, dividir entre 18.5).";productos_belleza.json;
Aguaje + Fenogreco 1000mg VCaps;Beyond Vitamins;MX;BBL;Aguaje + fenogreco;Cápsula;Frasco;60 cápsulas veganas;Aguaje | Fenogreco;Aguaje (Mauritia flexuosa) + fenogreco (+ maca);Dar apoyo hormonal femenino y curvas.;Aguaje + Fenogreco 1000mg | Cápsulas Veganas VCaps;19.79;0;61909;0;158152.74;4.7;1420;1731774944858835650;https://echosell-images.tos-ap-southeast-1.volces.com/product-cover/375/1731774944858835650_0.webp;TikTok Shop MX vía Ecom Magic;61.909 unidades reportadas en total y 12 M de vistas, aunque el GMV total (US$158 K) sugiere menos unidades.;Amarillo;Lleva extractos vegetales y un claim de curvas.;Misma fórmula base que Kukamonga.;"La herramienta reporta los precios MX con currency=USD; el cociente GMV/unidades es coherente con USD, así que se dejan tal cual (si fueran MXN, dividir entre 18.5). Las unidades totales parecen infladas.";productos_belleza.json;
Aguaje Complex + Fenogreco + Maca + Zinc;Oby;MX;BBL;Aguaje complex con maca;Cápsula;Frasco;60 cápsulas veganas;Aguaje | Fenogreco | Maca peruana | Zinc | Piperina;Aguaje + fenogreco + maca + zinc (+ piperina);Dar bienestar femenino, apoyo hormonal y curvas.;Aguaje Complex + Fenogreco con Maca Peruana Y Zinc | Cápsulas Veganas con Piperina;24.1;115;12722;1711.86;94630.49;4.8;390;1732127724909790928;https://echosell-images.tos-ap-southeast-1.volces.com/product-cover/363/1732127724909790928_0.webp;TikTok Shop MX vía Ecom Magic;12.722 unidades en total en TikTok Shop MX.;Amarillo;Maca, fenogreco y piperina son extractos que pueden requerir clasificación fitoterapéutica.;Aguaje + fenogreco + maca a dosis moderada + zinc, sin piperina.;"La herramienta reporta los precios MX con currency=USD; el cociente GMV/unidades es coherente con USD, así que se dejan tal cual (si fueran MXN, dividir entre 18.5). Es la fórmula 'Aguaje Complex' que también venden FEMZEN y Mercado Libre MX (aguaje + fenogreco + maca roja).";productos_belleza.json;
Super Bear Gummies Combo (Top Support + Peach Gains);LanranBee;US;BBL;Booty / BBL gummies;Gomita;Frasco;Combo de 2 frascos de gomitas sabor fresa/berry;"Hierbas esenciales (mezcla no publicada; típicamente fenogreco, maca, saw palmetto) | Multivitaminas";Gomita de fenogreco + maca + multivitamínico ('booty gummies');Apoyar las curvas y el entrenamiento de glúteos en mujeres.;booty gummies - Essential Herbs - Multivitamins;17.99;0;1721;0;29488.97;4.1;153;1729564795087982976;https://echosell-images.tos-ap-southeast-1.volces.com/product-cover/665/1729564795087982976_0.webp;TikTok Shop US vía Ecom Magic;"Es la 'booty gummy' más vendida de TikTok Shop US, con apenas 1.721 unidades; la subcategoría está casi sin ventas en US (probablemente restringida).";Amarillo;La mezcla herbal no está declarada y el claim de glúteos es imposible.;Gomita de aguaje + fenogreco + vitamina E + biotina con claim de bienestar femenino.;Se incluye para cubrir el vehículo gomita en BBL. Las búsquedas 'bbl gummies', 'curves supplement' y 'booty gummies' en US no superan 1.721 unidades por producto.;productos_belleza.json;
Curvy Fruit Aguaje + Maca 3 (polvo);CurvyFruit;US;BBL;Aguaje + maca en polvo;Polvo;Bolsa doypack;"8,9 oz (252 g) / 75 días; también en cápsulas de 550 mg x 100";Aguaje (fruto) | Maca amarilla | Maca negra | Maca roja;Aguaje + maca (amarilla, negra y roja);Dar curvas femeninas y equilibrio hormonal con fitoestrógenos del aguaje.;Aguaje CurvyFruit en polvo original para trasero más grande, pecho y HIPS;;;;;;;;;;"WebSearch: https://www.amazon.com/-/es/Curvy-Fruit-CurvyFruit-original-trasero/dp/B0C2FQCWZN ; https://curvyfruit.com/";"Marca peruana de referencia mundial en aguaje desde 2010 (Amazon US, eBay, Yaxa Colombia); también tiene versiones con saw palmetto, chía, fenogreco y hercampuri.";Amarillo;Lleva maca en dosis alta y el claim 'bigger booty' es imposible.;"Polvo de aguaje + maca en doypack para batidos; fórmula distinta a la cápsula de aguaje + fenogreco.";"No tiene datos de TikTok Shop; se marca como mercado US por Amazon US. El precio no se capturó.";productos_belleza.json;
Aguaje + Hinojo + Maca (cápsulas);Varias (Mercado Libre CO: Aguaje Plus, Siempre Bella, Natural Medix);CO;BBL;Aguaje + hinojo + maca;Cápsula;Frasco;"Frascos de 60–100 cápsulas; se venden en kits x2 y x3";Aguaje | Hinojo | Maca;Aguaje + hinojo + maca;Realzar glúteos, busto y caderas (claim de mercado).;Cápsulas aguaje aumenta glúteo / realza busto y glúteos;15.5;;;;;;;;;"WebSearch: https://listado.mercadolibre.com.co/capsulas-aguaje ; https://listado.mercadolibre.com.co/aguaje-plus-capsulas";Categoría activa en Mercado Libre CO: Aguaje + Hinojo + Maca a 60.630 COP (21 calificaciones), Aguaje Plus x3 a 90.000 COP y Siempre Bella x2 a 60.000 COP.;Amarillo;Hinojo y maca son extractos vegetales (posible fitoterapéutico) y el claim de aumento de glúteos no es admisible.;"Unificar con la fórmula de aguaje + fenogreco y sumar vitamina E; registrar como suplemento de bienestar femenino.";El precio (US$15,5) es aproximado: 60.630 COP a ~3.900 COP/USD. Referencia de lo que ya se vende en Colombia, muchas veces sin registro claro.;productos_belleza.json;
WindBoss Cortisol + Myo-Inositol (kit 2 frascos);WindBoss;MX;SXF;Cortisol / equilibrio hormonal (SOP);Softgel;Frasco;Kit 2 frascos (Cortisol Health + Myo-Inositol);Myo-inositol | Vitamina D3 | Vitamina K2 | Magnesio | Ashwagandha KSM-66 | L-teanina | Berberina (frasco myo-inositol, según reseñas);Myo-inositol + ashwagandha KSM-66 + magnesio + L-teanina + vitamina D3/K2 (kit cortisol-hormonal);Manejo del estrés/cortisol y equilibrio hormonal y metabólico en mujeres;Soporte para cortisol + myo-inositol para el equilibrio hormonal y metabolismo saludable;154.9;20974;103069;1057192.61;4230907.4;4.8;12379;1734639306450044736;https://echosell-images.tos-ap-southeast-1.volces.com/product-cover/661/1734639306450044736_0.webp;TikTok Shop MX vía Ecom Magic;"20.974 unidades y USD 1,06 M de GMV en 30 días (1.035 videos y 442 creadores en 30d); el suplemento #1 por GMV en todas las búsquedas MX";Amarillo;"Ashwagandha y berberina podrían exigir registro fitoterapéutico; claims de cortisol/hormonas son delicados.";"Un solo frasco: myo-inositol + magnesio glicinato + L-teanina (o melisa/pasiflora) + vitamina D3, sin berberina ni ashwagandha; claim 'apoya el manejo del estrés y el bienestar femenino'.";"RESUMEN MX vs CO. (1) En TikTok Shop MX dominan las fórmulas 'hormonales/cortisol' para mujer (WindBoss Cortisol + Myo-Inositol: 20.974 u y USD 1,06 M en 30 días; inositol en polvo B-fit; gomitas probióticas íntimas LeeFar Her Juicy: 18.142 u/30d) y la salud digestiva (probióticos 60B + 16 enzimas WindBoss: 22.122 u/30d, 183 mil acumuladas), seguidas de colágeno multi-tipo en cápsula (VivoNu 8.399 u/30d), magnesio complex (Beyond Vitamins, 410 mil u acumuladas) y creatina en polvo (Birdman, 808 mil u acumuladas). (2) El vehículo rey en MX es la cápsula/softgel en frasco vendida en kits de 2-3 frascos con descuentos agresivos, seguido del polvo (creatina, inositol, bebidas relajantes Toyocare con maca/ashwagandha + magnesio + L-teanina) y la gomita (vinagre de manzana, probióticos femeninos, shilajit); gotas y té casi no venden (las búsquedas 'té' y 'té para bajar de peso' no devolvieron suplementos) y no aparecieron tabletas, efervescentes ni sticks con ventas relevantes. (3) En TikTok Shop MX no hay 'pastillas BBL': 'glúteos' solo devuelve fajas, y 'quemador', 'menopausia' y 'próstata' tienen ventas marginales; la libido/vitalidad masculina se canaliza por fórmulas 'para hombres' (Selerb NAD+, maca + shilajit + arginina). (4) En Colombia/Dropi, en cambio, el bienestar viral se concentra en GOMITAS: BBL de aguaje + fenogreco + maca roja (Sottcor Labs, Siemprebell, vendidas 'con INVIMA'), vinagre de manzana (The Gummy Box >200 mil u en 3 países), colágeno + biotina (Funat, Farmatodo) y citrato de magnesio, además de colágeno hidrolizado en polvo (Vitaliah) y proteína whey (fuentes: shopify.com/es/blog/productos-mas-vendidos-en-colombia, dropdata.app/productos-ganadores-dropi/colombia, cosmoscolombia.store, thegummyboxwellness.com, funat.co, stevia.com.co). (5) Fórmulas puente MX→CO que ya serían 'verdes' para un solo registro multi-marca: magnesio complex, probióticos + enzimas digestivas, colágeno multi-tipo + vitamina C + biotina, vinagre de manzana en gomita, myo-inositol en polvo y creatina; las fórmulas mexicanas con ashwagandha, berberina, shilajit, NAD+ o melatonina hay que reformularlas. (6) El INVIMA viene emitiendo alertas sobre quemadores fraudulentos vendidos por e-commerce (eluniversal.com.co, abril 2026), 'Rosabella Moringa' viral sin registro y productos 'BBL' como la buclizina (informe de seguridad INVIMA 2024, app.invima.gov.co), lo que confirma que tener registro sanitario propio es una ventaja competitiva real en Dropi. Nota de datos: precios y GMV en USD tal como los reporta Ecom Magic; los listings con soldCount redondo (100.000 / 250.000) y sin videos parecen artefactos de datos y se descartaron. || Precio reportado por la herramienta en USD (≈ 2866 MXN). Otros listings del mismo combo: 1731794003849414783 (131.342 vendidos totales, USD 5,5 M acumulado) y 1734892603444921471 (4.172 u/30d). Ingredientes: windboss.com y reseñas TikTok.";productos_mx_co.json;
B-fit Myo & D-Chiro Inositol 40:1;B-fit;MX;SXF;Inositol (SOP / ciclo);Polvo;Tarro;90 porciones, sin sabor;Myo-inositol + D-chiro-inositol en proporción 40:1;Myo-inositol + D-chiro-inositol 40:1;Apoya el equilibrio hormonal y metabólico (ciclo, SOP, resistencia a la insulina);Suplemento diario para equilibrio hormonal y metabólico;55.63;3716;41599;124005.12;1801288.55;4.9;3460;1731831291829980109;https://echosell-images.tos-ap-southeast-1.volces.com/product-cover/304/1731831291829980109_0.webp;TikTok Shop MX vía Ecom Magic;"3.716 unidades y USD 124 K en 30 días; 41.599 vendidos totales";Verde;El inositol es un ingrediente típico de suplemento dietario.;"Registrable casi igual; evitar mencionar SOP/fertilidad en el claim (usar 'bienestar hormonal femenino'). Ideal también en sachet/stick.";Precio reportado por la herramienta en USD (≈ 1029 MXN).;productos_mx_co.json;
LeeFar Her Juicy gomitas probióticas para mujer;LeeFar;MX;SXF;Probióticos íntimos femeninos;Gomita;Frasco;60 gomitas sabor piña;Mezcla probiótica (Lactobacillus) | Prebióticos XOS | Olmo resbaladizo (slippery elm);Probióticos Lactobacillus + prebióticos XOS + olmo resbaladizo (gomita femenina);Bienestar íntimo femenino: equilibrio del pH y resequedad;Balance del pH y resequedad;70.25;18142;36867;462830.98;856633.6;4.8;3423;1734572167779485527;https://echosell-images.tos-ap-southeast-1.volces.com/product-cover/647/1734572167779485527_0.webp;TikTok Shop MX vía Ecom Magic;18.142 unidades y USD 463 K en 30 días (557 videos, 248 creadores en 30d);Amarillo;"Probióticos en gomita exigen sustentar viabilidad; el olmo resbaladizo no es habitual en Colombia y el claim íntimo/pH es delicado.";"Gomita con Lactobacillus (cepas aceptadas) + inulina/XOS + arándano + vitamina C; claim 'bienestar femenino'.";Precio reportado por la herramienta en USD (≈ 1300 MXN). Clon Windboss Her Juicy (1732804353970374464) 19.888 vendidos. Windboss Probióticos Mujer 32 cepas + arándano en cápsula (1731379488294274246): 1.331 u/30d.;productos_mx_co.json;
VivoNu Péptidos de Colágeno multi-tipo 2200 mg;VivoNu;MX;COL;Colágeno multi-tipo en cápsula;Cápsula;Frasco;60 cápsulas (2.200 mg por porción);Péptidos de colágeno tipos I, II, III, V y X 2.200 mg/porción | Vitamina C | Biotina;Colágeno hidrolizado multi-tipo (I, II, III, V, X) + vitamina C + biotina;Piel, cabello, uñas y bienestar diario;Fórmula multicolágeno para piel, cabello, uñas y bienestar diario;167.67;8399;46469;333222.36;1361416.46;4.8;4437;1734468165313135824;https://echosell-images.tos-ap-southeast-1.volces.com/product-cover/379/1734468165313135824_0.webp;TikTok Shop MX vía Ecom Magic;"8.399 unidades y USD 333 K en 30 días; 2.047 en los últimos 7 días";Verde;Colágeno, vitamina C y biotina son ingredientes típicos de suplemento dietario.;"Registrable igual; un mismo registro de 'colágeno multi-tipo + vit C + biotina' sirve en cápsula para varias marcas (dosis efectiva mejor en polvo o gomita).";"Precio reportado por la herramienta en USD (≈ 3102 MXN). Competidores mismo formato: Megneta 90 cápsulas + zinc + AH (1734464722746967493; 4.672 u/30d) y SWIYIE 120 cápsulas (76.024 vendidos).";productos_mx_co.json;Sí
Péptidos bioactivos de colágeno + ácido hialurónico + biotina + vit C 500 g;No indicada (tienda de Quotidien);MX;COL;Colágeno hidrolizado en polvo;Polvo;Otro;500 g, sin sabor;Péptidos bioactivos de colágeno hidrolizado | Ácido hialurónico | Biotina | Vitamina C;Colágeno hidrolizado + ácido hialurónico + biotina + vitamina C;Piel, cabello, uñas y articulaciones;Disuelve rápido, sin sabor;48.64;229;52083;7338.21;383855.86;4.9;241;1731730859563846052;https://echosell-images.tos-ap-southeast-1.volces.com/product-cover/505/1731730859563846052_0.webp;TikTok Shop MX vía Ecom Magic;"52.083 vendidos totales; 229 u en 30 días";Verde;Colágeno, ácido hialurónico, biotina y vitamina C son ingredientes de suplemento dietario.;"Registrable igual; misma fórmula base que los colágenos en polvo líderes en Colombia (Vitaliah).";Precio reportado por la herramienta en USD (≈ 900 MXN). Empaque no confirmado. Windboss colágeno multi-tipo en polvo 1 lb (1731765481052735615) 23.078 vendidos.;productos_mx_co.json;
Windboss Biotina;WindBoss;MX;CAB;Biotina;Cápsula;Frasco;60 cápsulas;"Biotina (dosis alta, típicamente 10.000 mcg; verificar etiqueta)";Biotina (alta dosis);Mantenimiento del cabello, piel y uñas;Contribuye al mantenimiento del cabello, piel y uñas;153.74;1562;19891;64769.26;651067.39;4.8;2207;1732465801434858623;https://echosell-images.tos-ap-southeast-1.volces.com/product-cover/966/1732465801434858623_0.webp;TikTok Shop MX vía Ecom Magic;"1.562 unidades y USD 65 K en 30 días; tendencia al alza (salesTrend=1)";Verde;"Vitamina; solo ajustar la dosis a los máximos permitidos para suplemento dietario.";Biotina + zinc + selenio (+ colágeno) en cápsula o gomita.;Precio reportado por la herramienta en USD (≈ 2844 MXN). Listing gemelo 1732468647693354182 (902 u/30d).;productos_mx_co.json;Sí
Windboss Probióticos 60 mil millones + 16 enzimas digestivas;WindBoss;MX;DIG;Probióticos + enzimas digestivas;Cápsula;Frasco;60 cápsulas;Probióticos 60 mil millones UFC (10 cepas) | 16 enzimas digestivas | Fibra prebiótica 150 mg | Jengibre orgánico + hoja de menta 150 mg;Probióticos multicepa 60B UFC + enzimas digestivas + prebiótico + jengibre + menta;Mejor digestión, menos hinchazón y gases;Soporte digestivo y antioxidante natural;152.77;22122;183200;900311.52;5739178.18;4.7;21193;1733508743268303947;https://echosell-images.tos-ap-southeast-1.volces.com/product-cover/59/1733508743268303947_0.webp;TikTok Shop MX vía Ecom Magic;"22.122 unidades y USD 900 K en 30 días; 183.200 vendidos totales; el suplemento con más unidades en 30 días encontrado en MX";Verde;Probióticos, enzimas y jengibre/menta en dosis bajas son ingredientes comunes de suplemento dietario.;"Registrable: probióticos (cepas aceptadas por INVIMA) + enzimas + inulina + jengibre; claim 'apoya la digestión'.";Precio reportado por la herramienta en USD (≈ 2826 MXN). Listing gemelo 1734892708760159359 (9.159 u/30d). Ingredientes: windboss.net. Beyond Vitamins Enzimas + Probióticos 180 cápsulas (64.379 vendidos).;productos_mx_co.json;
WindBoss 15 días para sentirse más ligero;WindBoss;MX;DIG;Detox intestinal 15 días;Cápsula;Frasco;Tratamiento de 15 días;Mezcla de hierbas digestivas (composición exacta no confirmada) | Probióticos;Mezcla herbal digestiva/laxante suave + probióticos (detox 15 días);Sentirse más ligero: digestión, hinchazón y regularidad;15 días para sentirse más ligero;100.51;2993;31341;63682.49;834043.13;4.6;3459;1731556707931227263;https://echosell-images.tos-ap-southeast-1.volces.com/product-cover/381/1731556707931227263_0.webp;TikTok Shop MX vía Ecom Magic;"2.993 unidades y USD 64 K en 30 días; 31.341 vendidos totales";Amarillo;"Las hierbas detox/laxantes pueden requerir registro fitoterapéutico; los claims de 'limpieza' y peso están restringidos.";"Fibra (psyllium/inulina) + probióticos + jengibre + manzanilla, sin sen ni cáscara sagrada; claim 'apoya la regularidad'.";Precio reportado por la herramienta en USD (≈ 1859 MXN). Verificar la etiqueta (la web de WindBoss la describe como 'Gut & Weight Management Formula').;productos_mx_co.json;
NAIMA Tisana de cardo mariano, diente de león y boldo;NAIMA;MX;DIG;Tisana hepática / detox;Té/Infusión;Bolsa doypack;200 g;Cardo mariano | Diente de león | Boldo orgánico;Cardo mariano + diente de león + boldo (tisana);Detox y bienestar digestivo-hepático;Infusión herbal artesanal para detox y bienestar digestivo;22.99;0;1036;0;9286.2;4.3;3;1732242906373457017;https://echosell-images.tos-ap-southeast-1.volces.com/product-cover/197/1732242906373457017_0.webp;TikTok Shop MX vía Ecom Magic;Solo 1.036 vendidos totales: el té casi no vende en TikTok Shop MX (las búsquedas 'té' y 'té para bajar de peso' no devolvieron suplementos);Amarillo;Plantas de acción hepática (boldo, cardo mariano) suelen clasificarse como fitoterapéutico o aromática con claims limitados.;Registrar como aromática/alimento: manzanilla + hierbabuena + jengibre + diente de león, sin claims hepáticos.;Precio reportado por la herramienta en USD (≈ 425 MXN). Se incluye para cubrir el vehículo té.;productos_mx_co.json;
Gummy Life Gomitas de Vinagre de Manzana;Gummy Life;MX;PES;Vinagre de manzana;Gomita;Frasco;Frasco de gomitas veganas sin azúcar añadida;Vinagre de manzana | Ácido fólico | Zinc | Vitamina B12 | Canela;Vinagre de manzana + vitamina B12 + ácido fólico + zinc (+ canela);Metabolismo, digestión y control del apetito;Gomitas de vinagre de manzana veganas, sin gluten, sin azúcares añadidos;22.5;1501;163318;15143.89;1831257.7;4.7;13382;1731788931525413623;https://echosell-images.tos-ap-southeast-1.volces.com/product-cover/21/1731788931525413623_0.webp;TikTok Shop MX vía Ecom Magic;"163.318 vendidos totales (la gomita con más unidades acumuladas en MX); 1.501 u en 30 días";Verde;Vinagre de manzana, vitaminas y zinc son ingredientes de suplemento dietario.;"Registrable igual; es la misma fórmula base que The Gummy Box / Gommy en Colombia.";Precio reportado por la herramienta en USD (≈ 416 MXN). Newellme ACV + B12 + probióticos (1732074618485900599) 18.018 vendidos.;productos_mx_co.json;
Berberina HCl 97% 1410 mg con canela de Ceilán y cúrcuma;No indicada;MX;PES;Berberina (glucosa);Cápsula;Frasco;60 cápsulas (1.410 mg por porción);Berberina HCl 97% | Canela de Ceilán | Cúrcuma | Pimienta negra;Berberina + canela de Ceilán + cúrcuma + pimienta negra;Apoyo metabólico y control de glucosa;Apoyo digestivo y metabólico;55.88;1524;21375;47571.16;612310.74;4.8;1587;1732373727639340941;https://echosell-images.tos-ap-southeast-1.volces.com/product-cover/719/1732373727639340941_0.webp;TikTok Shop MX vía Ecom Magic;"1.524 unidades y USD 48 K en 30 días; 515 mil vistas en 7 días";Amarillo;La berberina tiene actividad farmacológica y en Colombia probablemente exija vía fitoterapéutica.;"Sin berberina: canela de Ceilán + cromo picolinato + morera/ácido alfa lipoico; claim 'apoya el metabolismo'.";Precio reportado por la herramienta en USD (≈ 1034 MXN). Tendencia confirmada: Windboss Berberina 1500 mg (1736004096868189259) 2.251 u/30d y Berberina 2110 mg 300 caps (1735900789169489899) 2.185 u/30d. VivoNu Complejo azúcar (melón amargo + canela + morera + berberina + fenogreco, 240 caps) 701 u/30d.;productos_mx_co.json;
Toyocare Gotas de canela de Ceilán con berberina, cúrcuma y cromo;Toyocare;MX;PES;Glucosa / metabolismo en gotas;Gotas;Gotero;Gotero (ml no indicado);Canela de Ceilán | Berberina | Cúrcuma | Cromo | Moringa | Ginseng;Canela + berberina + cúrcuma + cromo + moringa + ginseng (gotas);Apoyo metabólico y de azúcar en sangre;Mezcla herbal para un estilo de vida activo y equilibrado;39.44;606;3257;13217.21;49909.8;4.5;276;1732963716817323302;https://echosell-images.tos-ap-southeast-1.volces.com/product-cover/492/1732963716817323302_0.webp;TikTok Shop MX vía Ecom Magic;"606 unidades en 30 días con 162 videos y 143 creadores en 30d; formato gotas en crecimiento";Amarillo;"Berberina y ginseng podrían exigir registro fitoterapéutico; la forma líquida exige estudios de estabilidad.";Gotas de canela + cromo + moringa, sin berberina ni ginseng.;Precio reportado por la herramienta en USD (≈ 730 MXN). Se incluye para cubrir el vehículo gotas. UPMER gotas de guanábana + comino negro + ashwagandha + orégano (1.624 vendidos).;productos_mx_co.json;
Birdman Fitmingo Protein con inositol y Svetol;Birdman;MX;PES;Proteína femenina + control de peso;Polvo;Bolsa doypack;1,7 kg / 50 porciones (sabor moka);Proteína vegetal | Ácido hialurónico | Inositol | Svetol (extracto de café verde) | Vitaminas | Zinc;Proteína vegetal + inositol + extracto de café verde (Svetol) + ácido hialurónico + vitaminas y zinc;Proteína para mujeres con apoyo metabólico y control de peso;Proteína vegetal con ácido hialurónico, inositol, Svetol, vitaminas y zinc;118.06;354;13819;34141.62;1220316.48;4.9;646;1731780275069291316;https://echosell-images.tos-ap-southeast-1.volces.com/product-cover/540/1731780275069291316_0.webp;TikTok Shop MX vía Ecom Magic;"13.819 vendidos totales y USD 1,2 M acumulado; varias presentaciones/sabores suman más de 60 mil unidades";Amarillo;"El extracto de café verde y los claims de peso son delicados; la proteína en sí es verde.";Proteína vegetal o whey + inositol + colágeno + vitaminas, sin café verde o con cafeína declarada baja.;Precio reportado por la herramienta en USD (≈ 2184 MXN). Empaque doypack según línea Birdman (verificar).;productos_mx_co.json;
Beyond Vitamins Magnesio Complex 4 tipos;Beyond Vitamins;MX;SUE;Magnesio complejo;Cápsula;Frasco;60 cápsulas (710 mg por cápsula);Magnesio glicinato | Magnesio citrato | Magnesio gluconato | Óxido de magnesio;Magnesio complejo (glicinato + citrato + gluconato + óxido);Relajación muscular, descanso y manejo del estrés;4 tipos de magnesio, alta pureza, sin rellenos;18.79;2547;410050;27132.72;2872940.43;4.8;14566;1731735021975538370;https://echosell-images.tos-ap-southeast-1.volces.com/product-cover/143/1731735021975538370_0.webp;TikTok Shop MX vía Ecom Magic;"410.050 vendidos totales y 14.566 reseñas: el producto con más unidades acumuladas de bienestar en MX; 2.547 u en 30 días";Verde;Sales de magnesio, ingrediente típico de suplemento dietario.;Registrable igual (puede añadirse vitamina D3 y acerola como en su versión de 120 cápsulas).;Precio reportado por la herramienta en USD (≈ 348 MXN). Versión 180 cápsulas (1731734945340623554) 287.347 vendidos. B Life bisglicinato de magnesio + colágeno + zinc + D3 y B Life citrato de magnesio + vit C + colágeno (~50 mil c/u).;productos_mx_co.json;
Windboss Ashwagandha KSM-66 + L-teanina + PS;WindBoss;MX;SUE;Ashwagandha anti-estrés;Softgel;Frasco;60 cápsulas blandas;Ashwagandha KSM-66 | L-teanina | Fosfatidilserina (PS) | Pimienta negra;Ashwagandha KSM-66 + L-teanina + fosfatidilserina + piperina;Manejo del cortisol, estrés, ansiedad y sueño;Apoya cortisol, estrés, ansiedad y sueño;165.1;3805;21236;150329.04;645965.78;4.8;2208;1734921884953445503;https://echosell-images.tos-ap-southeast-1.volces.com/product-cover/489/1734921884953445503_0.webp;TikTok Shop MX vía Ecom Magic;3.805 unidades y USD 150 K en 30 días (324 videos en 30d);Amarillo;La ashwagandha probablemente requiera clasificación fitoterapéutica en Colombia.;"Magnesio + L-teanina + melisa/pasiflora en softgel o cápsula; o registrar la ashwagandha por la vía fitoterapéutica.";Precio reportado por la herramienta en USD (≈ 3054 MXN). Toyocare bebida relajante con ashwagandha KSM-66 + D3 + Mg + L-teanina (1731836362546840681): 58.876 vendidos, 1.452 u/30d. Windboss Ashwagandha 4800 mg cápsulas: 33.583 vendidos.;productos_mx_co.json;
Toyocare Bebida relajante con maca, magnesio y L-teanina;Toyocare;MX;SUE;Bebida relajante anti-cortisol;Polvo;Otro;20 porciones (formato de viaje);Extracto de maca | Vitamina D3 | Magnesio | L-teanina;Magnesio + L-teanina + maca + vitamina D3 (bebida en polvo);Relajación, ánimo y calidad del sueño;Ayuda a equilibrar el cortisol, mejora el ánimo y el sueño;23.55;6637;69905;86898.08;907051.9;4.7;6433;1731947779289810025;https://echosell-images.tos-ap-southeast-1.volces.com/product-cover/786/1731947779289810025_0.webp;TikTok Shop MX vía Ecom Magic;"6.637 unidades y USD 87 K en 30 días; 69.905 vendidos totales";Amarillo;"L-teanina debe verificarse en el listado de ingredientes aceptados; el claim de cortisol es delicado.";Bebida en polvo sabor fruta en sachet/stick: magnesio citrato/glicinato + L-teanina (o melisa) + maca + vitamina D3.;Precio reportado por la herramienta en USD (≈ 436 MXN). Empaque no confirmado. Listing gemelo 1732352293954225257 (4.307 u/30d).;productos_mx_co.json;
WindBoss Gomitas relajantes para dormir;WindBoss;MX;SUE;Gomitas para dormir;Gomita;Otro;Gomitas en empaque individual;"Ingredientes relajantes (probable melatonina; no confirmado)";"Gomita relajante para dormir (probable melatonina + botánicos; verificar)";Conciliar el sueño;Para una noche tranquila: tómalas 30 minutos antes de dormir;155.59;219;15356;13836.09;643524.56;4.6;1561;1731793968609396863;https://echosell-images.tos-ap-southeast-1.volces.com/product-cover/22/1731793968609396863_0.webp;TikTok Shop MX vía Ecom Magic;15.356 vendidos totales y 50 M de vistas acumuladas;Rojo;Si contiene melatonina, en Colombia es un medicamento.;Gomita de magnesio + L-teanina + pasiflora/manzanilla, sin melatonina.;Precio reportado por la herramienta en USD (≈ 2878 MXN). Empaque individual tipo sachet.;productos_mx_co.json;
Birdman Creatina Monohidratada 450 g;Birdman;MX;ENE;Creatina monohidratada;Polvo;Bolsa doypack;450 g / 90 servicios;Creatina monohidratada micronizada 5 g por porción (sello CreaClean);Creatina monohidratada;Fuerza, rendimiento y recuperación muscular;Micronizada, sello CreaClean, sin saborizantes;37.03;2061;808630;57305.26;15812352.04;4.9;6852;1731780484756704052;https://echosell-images.tos-ap-southeast-1.volces.com/product-cover/315/1731780484756704052_0.webp;TikTok Shop MX vía Ecom Magic;808.630 vendidos totales y USD 15,8 M acumulado: el suplemento con más ventas acumuladas en TikTok Shop MX;Verde;Aminoácido/derivado de uso común en suplementos deportivos.;"Registrable igual; variante 'creatina + electrolitos + magnesio' como 2.º SKU.";Precio reportado por la herramienta en USD (≈ 685 MXN). Quotidien creatina 450 g (1731757032346978724) lidera en 30 días con 5.044 u. Birdman Creatine Electrolyte Refresher (1732197213365766964) 16.543 vendidos.;productos_mx_co.json;
Gominolas de Shilajit del Himalaya 3000 mg;No indicada;MX;ENE;Shilajit;Gomita;Frasco;Gomitas sin azúcar añadida (3.000 mg);Shilajit del Himalaya | Ácido fúlvico | Ashwagandha | Gokshura (Tribulus terrestris);Shilajit + ácido fúlvico + ashwagandha + tribulus (gomita);Energía y vitalidad para hombres y mujeres;Suplemento natural de shilajit para hombres y mujeres;32.58;186;27555;5976.52;839924.25;4.4;2139;1731738160089041630;https://echosell-images.tos-ap-southeast-1.volces.com/product-cover/316/1731738160089041630_0.webp;TikTok Shop MX vía Ecom Magic;"27.555 vendidos totales y 20,6 M de vistas; 1.372 creadores";Amarillo;Shilajit, ashwagandha y tribulus probablemente requieran vía fitoterapéutica.;"Gomita de energía: maca + vitaminas del complejo B + zinc + magnesio; shilajit solo si se logra como fitoterapéutico.";Precio reportado por la herramienta en USD (≈ 603 MXN). WindBoss gomitas Himalaya con gokshura y ácido fúlvico (1731793734149310591): 798 u/30d.;productos_mx_co.json;
Selerb NAD+ para hombres;Selerb;MX;SXM;Vitalidad masculina (NAD+);Cápsula;Frasco;60 cápsulas;NAD+ liposomal | CoQ10 | L-carnitina | L-arginina | L-citrulina | Maca | Ashwagandha KSM-66 | Trans-resveratrol | Zinc | Cúrcuma;NAD+ + CoQ10 + L-carnitina + L-arginina/citrulina + maca + ashwagandha + zinc;Energía, circulación y vitalidad masculina;Soporte de energía, circulación y próstata;69.81;2072;22660;94052.8;948735.37;4.6;1649;1733212811552327361;https://echosell-images.tos-ap-southeast-1.volces.com/product-cover/579/1733212811552327361_0.webp;TikTok Shop MX vía Ecom Magic;"2.072 unidades y USD 94 K en 30 días; aparece en las búsquedas 'próstata', 'maca' y 'ashwagandha'";Amarillo;El NAD+ no es un ingrediente habitual en Colombia, la ashwagandha es fitoterapéutica y los claims de próstata/circulación son delicados.;"CoQ10 + L-arginina + L-carnitina + maca + zinc + vitamina E, sin NAD+ ni ashwagandha; claim 'energía y vitalidad'.";Precio reportado por la herramienta en USD (≈ 1291 MXN). Ingredientes: selerb.com / Walmart.;productos_mx_co.json;
Suplemento para hombres con maca, ashwagandha, sea moss y shilajit;No indicada;MX;SXM;Vitalidad / libido masculina;Cápsula;Frasco;60 cápsulas;Maca | Ashwagandha | Musgo marino (sea moss) | Shilajit | L-arginina | L-citrulina;Maca + ashwagandha + musgo marino + shilajit + L-arginina + L-citrulina;Vitalidad, energía y desempeño masculino;Vitalidad, energía y bienestar diario;59.64;1014;39093;32459.7;973969.77;4.7;2763;1732010750486873997;https://echosell-images.tos-ap-southeast-1.volces.com/product-cover/397/1732010750486873997_0.webp;TikTok Shop MX vía Ecom Magic;39.093 vendidos totales y 1.014 u en 30 días;Amarillo;"Ashwagandha y shilajit probablemente sean fitoterapéuticos; claims sexuales restringidos.";"Maca + L-arginina + L-citrulina + zinc + musgo marino; claim 'energía y vitalidad'.";Precio reportado por la herramienta en USD (≈ 1103 MXN). Misma tienda: Shilajit + maca + tribulus + omega 3 100 cápsulas (18.707 vendidos).;productos_mx_co.json;
Maca Negra 1000 mg;Beyond Vitamins;MX;SXM;Maca negra;Cápsula;Frasco;60 cápsulas;Maca negra peruana orgánica 1.000 mg por porción;Maca negra;Energía, vitalidad y libido;Maca negra peruana orgánica, sin azúcar, vegana;18.07;322;125182;3543.46;1412184.65;4.7;1937;1731735314086070978;https://echosell-images.tos-ap-southeast-1.volces.com/product-cover/222/1731735314086070978_0.webp;TikTok Shop MX vía Ecom Magic;125.182 vendidos totales y 22 M de vistas;Amarillo;La maca suele aceptarse como suplemento, pero en dosis altas o con claims sexuales puede pedir vía fitoterapéutica.;"Maca negra 500-1.000 mg + zinc; claim 'energía'.";Precio reportado por la herramienta en USD (≈ 334 MXN). TES70 de Beyond Vitamins (maca negra + fenogreco + creatina + arginina + cúrcuma + zinc): 105.575 vendidos.;productos_mx_co.json;
Suplemento para hombres próstata y circulación;No indicada;MX;PRO;Próstata;Cápsula;Frasco;Paquete de 2 frascos;Saw palmetto | L-arginina | Maca | Zinc;Saw palmetto + L-arginina + maca + zinc;Salud prostática y circulación;Soporte para próstata y circulación;33.29;0;1570;0;53468.26;4.5;114;1731558462677943494;https://echosell-images.tos-ap-southeast-1.volces.com/product-cover/529/1731558462677943494_0.jpeg;TikTok Shop MX vía Ecom Magic;Solo 1.570 vendidos totales: la próstata es una categoría débil en TikTok Shop MX (la demanda la capta Selerb NAD+ con claim de próstata);Amarillo;En Colombia el saw palmetto se registra como fitoterapéutico (p. ej. PFM2012-0001884).;Semilla de calabaza + licopeno + zinc + selenio + vitamina E (vía suplemento) y saw palmetto aparte como fitoterapéutico.;Precio reportado por la herramienta en USD (≈ 616 MXN). Hallprost (ciruelo africano + calabaza + zinc + licopeno + vit E): 277 vendidos.;productos_mx_co.json;
Aceite de orégano con aceite de semilla negra;No indicada;MX;INM;Aceite de orégano;Softgel;Frasco;300 cápsulas;Aceite de orégano | Aceite de semilla negra (Nigella sativa);Aceite de orégano + aceite de comino negro;Antioxidante y apoyo inmune;Antioxidantes naturales, apoyo nutricional botánico de alta eficacia;168.8;2553;43718;101252.18;1276277.22;4.7;4720;1732123728085484589;https://echosell-images.tos-ap-southeast-1.volces.com/product-cover/861/1732123728085484589_0.webp;TikTok Shop MX vía Ecom Magic;"2.553 unidades y USD 101 K en 30 días; 43.718 vendidos totales";Amarillo;El aceite de orégano tiene uso medicinal y podría requerir vía fitoterapéutica.;"Softgel de aceite de semilla negra + vitamina E + vitamina D3; el orégano solo como fitoterapéutico.";Precio reportado por la herramienta en USD (≈ 3123 MXN).;productos_mx_co.json;
VivoNu Moringa cápsulas blandas;VivoNu;MX;INM;Moringa;Softgel;Frasco;180 cápsulas blandas veganas;Moringa oleifera (aceite/extracto);Moringa;Energía, inmunidad y apoyo articular;Energía, inmunidad y apoyo articular, rica en ácidos grasos y antioxidantes;163.77;331;3210;13877.87;128661.42;4.7;222;1731645922004993232;https://echosell-images.tos-ap-southeast-1.volces.com/product-cover/404/1731645922004993232_0.webp;TikTok Shop MX vía Ecom Magic;"331 unidades en 30 días; moringa con demanda moderada en MX";Verde;La moringa ya tiene registros como suplemento dietario en Colombia (p. ej. Medick SD2018-0004264).;Cápsula de moringa en polvo (más barata que softgel), sola o con vitamina C y zinc.;Precio reportado por la herramienta en USD (≈ 3030 MXN). Algas (sea moss) + shilajit multivitamínico (1731913645755892841): 14.768 vendidos.;productos_mx_co.json;
B Life Omega 3 aceite puro de salmón;B Life;MX;COR;Omega 3;Softgel;Frasco;90 cápsulas;Aceite de salmón (EPA + DHA);Omega 3 (aceite de salmón EPA/DHA);Salud cardiovascular, cerebral y articular;Máxima concentración de EPA y DHA;18.41;1254;109766;19987.78;2014199.07;4.9;1309;1731310414010222023;https://echosell-images.tos-ap-southeast-1.volces.com/product-cover/485/1731310414010222023_0.webp;TikTok Shop MX vía Ecom Magic;109.766 vendidos totales y 1.254 u en 30 días;Verde;Ácidos grasos omega 3, ingrediente típico de suplemento dietario.;"Registrable igual; kit 'magnesio + omega 3' es tendencia en MX.";Precio reportado por la herramienta en USD (≈ 341 MXN). UPMER Pack Magnesio 7 en 1 + Omega 3 (1734248670536959020): 2.992 u/30d. B-fit Omega 3 1080 EPA/720 DHA: 701 u/30d.;productos_mx_co.json;
LeafStory Nootrópico memoria y concentración;LeafStory;MX;CER;Nootrópico;Cápsula;Frasco;60 cápsulas;Fosfatidilserina | Vitamina B6 | Vitamina B12 | Folato | Dihidromiricetina;Fosfatidilserina + vitaminas B6/B12 + folato + dihidromiricetina;Memoria, concentración y claridad mental;Apoyo a la función cognitiva, la salud mental y la claridad;46.74;445;19717;11916.17;575663.37;4.7;1401;1731608381510091965;https://echosell-images.tos-ap-southeast-1.volces.com/product-cover/466/1731608381510091965_0.webp;TikTok Shop MX vía Ecom Magic;"19.717 vendidos totales; 445 u en 30 días";Amarillo;"La dihidromiricetina no es un ingrediente habitual en Colombia; los claims cognitivos son delicados.";"Fosfatidilserina + complejo B + omega 3 (DHA); claim 'apoya la concentración'.";Precio reportado por la herramienta en USD (≈ 865 MXN).;productos_mx_co.json;
Gomitas BBL Aguaje;Sottcor Labs;CO;BBL;Curvas y glúteos (aguaje);Gomita;Frasco;60 a 150 gomitas (varía por tienda);Aguaje | Fenogreco | Maca roja | L-arginina | Magnesio;Aguaje + fenogreco + maca roja + L-arginina + magnesio (gomita);Promesa de volumen y firmeza de glúteos y busto (fitoestrógenos);BBL para adultos: aumento y tonificación;;;;;;;;;;WebSearch: https://cosmoscolombia.store/products/gomitas-bbl-aguaje-con-invima-60-unidades;"Vendida en Colombia con registro INVIMA reportado (RSA-0030470-2024 según la tienda) y en retail de Perú (Ripley, Oechsle); viral en TikTok con #aguaje #fenogreco #maca";Amarillo;"Ingredientes con fitoestrógenos; el claim de aumento de glúteos es imposible y el INVIMA ha alertado sobre productos 'BBL' (p. ej. la buclizina).";Registrar como suplemento 'bienestar femenino/energía' (aguaje + maca + fenogreco + arginina + magnesio) y usar el ángulo BBL solo en marketing permitido.;Verificar el número RSA en la web del INVIMA. En TikTok Shop MX la búsqueda 'glúteos' solo devuelve fajas: el BBL ingerible es un fenómeno colombiano y peruano.;productos_mx_co.json;
Gomitas de vinagre de manzana;The Gummy Box Wellness;CO;PES;Vinagre de manzana;Gomita;Frasco;60 gomitas;Vinagre de manzana;Vinagre de manzana (gomita);Digestión, metabolismo y control del apetito;Gomitas con vinagre de manzana para mejorar la digestión;;;;;;;;;;WebSearch: https://thegummyboxwellness.com/products/gomitas-de-vinagre-de-manzana;"Más de 200.000 unidades vendidas en 3 países de Latinoamérica según la marca; fabricada en Colombia con registro INVIMA";Verde;El vinagre de manzana en gomita es un suplemento dietario estándar.;"Misma fórmula base que Gummy Life (MX); puede añadirse B12 + ácido fólico + zinc.";"Otras ACV con INVIMA en Colombia: Gommy (RSA-0014629-2021), Sin Intermediarios (RSA-0021437-2022); algunas añaden cafeína + alcachofa.";productos_mx_co.json;
Gomitas con biotina y colágeno;Funat;CO;CAB;Colágeno + biotina en gomita;Gomita;Frasco;Frasco de gomitas sabor frutos rojos;Colágeno hidrolizado | Biotina;Colágeno hidrolizado + biotina (+ vitamina E/C) (gomita);Cabello, piel y uñas;Gomitas masticables con colágeno hidrolizado y biotina;;;;;;;;;;WebSearch: https://funat.co/producto/gomitas-con-biotina-y-colageno-funat/;"Registro INVIMA RSA-0029399-2024; formato replicado por Farmatodo (RSA-0011265-2021), Natural Health y Nutri-salud; muy buscado en TikTok CO ('hair growth pastillas en Colombia')";Verde;Colágeno, biotina y vitaminas son ingredientes de suplemento dietario.;Registro base 'colágeno + biotina + vitamina E/C en gomita' reutilizable para varias marcas.;Dosis de referencia (Gomas Farmatodo): colágeno hidrolizado 133 mg + biotina 100 µg + vitamina E 6,6 mg por gomita.;productos_mx_co.json;
Gomitas de citrato de magnesio;Sottcor Labs;CO;SUE;Magnesio en gomita;Gomita;Frasco;Frasco de gomitas sin azúcar;Citrato de magnesio;Citrato de magnesio (gomita);Estrés, ansiedad, hinchazón y digestión;Gomitas de citrato de magnesio: alivio del estrés y digestión ligera;;;;;;;;;;WebSearch: https://www.tiktok.com/@sottcorlabsoficial/video/7451599888246263045;"Contenido viral de la marca en TikTok; cadenas como Farmacias KNOP lanzaron gomitas de citrato de magnesio sin azúcar";Verde;Sal de magnesio, ingrediente típico de suplemento dietario.;"Gomita de magnesio (citrato/glicinato) + L-teanina o melisa como upgrade; puente con el Magnesio Complex líder en MX.";;productos_mx_co.json;
Moringa oleifera 1500 mg;Funat;CO;INM;Moringa;Cápsula;Frasco;90 cápsulas;Moringa oleifera;Moringa;Energía, inmunidad y antioxidantes;Moringa oleifera en cápsulas;;;;;;;;;;WebSearch: https://www.farmatodo.com.co/producto/226151119-moringa-oleifera-1500-gr-funat-frasco-x-90-capsulas;"Moringa con registro INVIMA en Farmatodo; el INVIMA alertó sobre 'Rosabella Moringa' viral sin registro, lo que muestra demanda viral en Colombia";Verde;Ya existen registros de moringa como suplemento dietario (Medick SD2018-0004264).;Moringa + vitamina C + zinc en cápsula o polvo.;;productos_mx_co.json;
Saw Palmetto 320 mg;Healthy America;CO;PRO;Próstata (saw palmetto);Softgel;Frasco;60 softgels;Extracto estandarizado de saw palmetto 320 mg;Saw palmetto (extracto estandarizado);Salud prostática y función urinaria masculina;Saw palmetto para la próstata;;;;;;;;;;WebSearch: https://vindo.com.co/products/saw-palmetto-320mg-60-softgels-healthy-america-prostata;Registro INVIMA PFM2012-0001884 (fitoterapéutico), igual que Natural Systems (PFM2014-0002312): confirma que el saw palmetto va por vía fitoterapéutica;Amarillo;El saw palmetto en Colombia se registra como producto fitoterapéutico (PFM), no como suplemento dietario.;"Para una vía de suplemento: semilla de calabaza + licopeno + zinc + selenio + vitamina E; el saw palmetto solo con registro PFM.";;productos_mx_co.json;
Colágeno hidrolizado en polvo;Vitaliah;CO;COL;Colágeno hidrolizado en polvo;Polvo;Tarro;700 g (también 900 g y 250 g);Colágeno hidrolizado | Vitamina C | Vitamina E | Vitaminas B1, B2, B3, B6, B12 | Biotina | Calcio | Magnesio | Zinc | Stevia;Colágeno hidrolizado + vitamina C + biotina + complejo B + minerales (Ca, Mg, Zn);Piel, cabello, uñas y articulaciones;Colágeno hidrolizado enriquecido con vitaminas y minerales;;;;;;;;;;WebSearch: https://stevia.com.co/blogs/noticias/mejores-colagenos-hidrolizados-en-colombia;"Señalado entre los colágenos más vendidos de Colombia en 2026; colágeno hidrolizado y whey son los suplementos líderes según Shopify (shopify.com/es/blog/productos-mas-vendidos-en-colombia)";Verde;Colágeno, vitaminas y minerales son ingredientes de suplemento dietario.;"Misma fórmula base que el colágeno en polvo de MX; añadir ácido hialurónico como diferenciador.";;productos_mx_co.json;
Gomas para aumento y tonificación de glúteos;Siemprebell;CO;BBL;Curvas y glúteos (aguaje);Gomita;Frasco;60 unidades;Aguaje | Fenogreco | Maca roja;Aguaje + fenogreco + maca roja (gomita);Promesa de aumento y tonificación de glúteos;Gomas para aumento y tonificación de glúteos con Invima;;;;;;;;;;WebSearch: https://articulo.mercadolibre.com.co/MCO-1558539109-gomas-para-aumento-y-tonificacion-de-gluteos-siemprebell-con-invima-aguaje-fenogreco-maca-roja-60und-_JM;Publicada en Mercado Libre Colombia 'con Invima': misma fórmula base que Sottcor, lo que confirma que una sola fórmula BBL ampara varias marcas;Amarillo;"Ingredientes de suplemento con fitoestrógenos; claim de aumento corporal no autorizable.";"Mismo registro que la BBL de aguaje; diferenciar por sabor y marca, nunca por claim.";Verificar el registro en la web del INVIMA.;productos_mx_co.json;
Gluco Tone Berberine Drops;Clean Nutra;US;PES;Berberina + canela (glucosa) en gotas;Gotas;Gotero;60 mL (2 fl oz) / 30 porciones de 2 mL;Cromo (picolinato) 110 mcg | Berberis aristata ext. 30:1 100 mg | Canela de Ceilán orgánica 100 mg | Melón amargo ext. 10:1 100 mg | Mezcla: cúrcuma, Panax ginseng, vinagre de manzana, glucomanano, gymnema, moringa;Berberina + canela de Ceilán + cromo + melón amargo + gymnema + glucomanano + cúrcuma (gotas);Apoyar el control de azúcar en sangre y el metabolismo.;Blood sugar support / clean fitness drops;34.99;5261;131165;444940.72;9039487.23;4.4;9997;1729698447199670804;https://echosell-images.tos-ap-southeast-1.volces.com/product-cover/369/1729698447199670804_0.webp;TikTok Shop US vía Ecom Magic;5.261 unidades en 30 días y 131.165 acumuladas en TikTok Shop US (GMV total ≈ US$9.039.487);Amarillo;"La berberina no es ingrediente típico de suplemento dietario en Colombia; puede exigir clasificación como fitoterapéutico y el claim de glucosa es terapéutico. Gymnema y ginseng también suelen ir por fitoterapéutico.";Gotas con cromo + canela + melón amargo + glucomanano (sin berberina ni ginseng), claim 'contribuye al metabolismo normal de macronutrientes' (cromo).;Precio = listing unitario mínimo (salePrice 104.97 es pack). Segundo listing BOGO de la misma marca (1731618904752558612) suma 45.864 uds. Dosis de etiqueta Amazon/Walmart.;productos_peso_digestion.json;
MOCKTALE-1 Metabolic Drink Mix;Yesnap;US;PES;Bebida metabólica 'GLP-1' en sobres;Sachet/Stick;Caja con sachets;30 sobres (sabor limón-menta);Mezcla metabólica 1.500 mg/sobre: berberina, Akkermansia muciniphila, cromo, canela de Ceilán, vinagre de manzana;Berberina + Akkermansia + cromo + canela de Ceilán + vinagre de manzana (polvo en sobre);Apoyar metabolismo, saciedad y glucosa como 'mocktail' sin alcohol.;Natural GLP-1 metabolic burner / non-alcoholic cocktail;40.35;6391;62882;225186.75;2197427.7;4.0;5916;1731989720241050440;https://echosell-images.tos-ap-southeast-1.volces.com/product-cover/853/1731989720241050440_0.webp;TikTok Shop US vía Ecom Magic;6.391 unidades en 30 días y 62.882 acumuladas en TikTok Shop US (GMV total ≈ US$2.197.428);Amarillo;"La berberina no es ingrediente típico de suplemento dietario en Colombia; puede exigir clasificación como fitoterapéutico y el claim de glucosa es terapéutico. Akkermansia es probiótico de nueva generación, probablemente no autorizado aún en Colombia.";Sobre en polvo con cromo + canela + vinagre de manzana + inulina/fibra soluble (sin berberina ni Akkermansia), sabor limón-menta.;Hay un segundo listing casi igual (1729504585038468936: 6.589 uds/30d, 59.628 totales). Desglose individual de dosis no publicado (solo mezcla 1.500 mg).;productos_peso_digestion.json;
Apple Cider Vinegar Gummies con B12;Marca blanca (shop 7495957670069176512);US;PES;Gomitas de vinagre de manzana;Gomita;Frasco;60 gomitas;Vinagre de manzana ~500 mg/gomita | Vitamina B12 | Ácido fólico (típico) | Extractos de remolacha y granada (típico);Vinagre de manzana + vitamina B12 + ácido fólico (gomita);Apoyar digestión, energía y sensación de 'detox'.;Supports normal energy levels & gut health, digestion, detox & cleansing;25.8;551;145846;22957.48;3330063.83;4.4;11243;1730174365260288192;https://echosell-images.tos-ap-southeast-1.volces.com/product-cover/259/1730174365260288192_0.webp;TikTok Shop US vía Ecom Magic;551 unidades en 30 días y 145.846 acumuladas en TikTok Shop US (GMV total ≈ US$3.330.064);Verde;Vinagre de manzana, B12 y folato son ingredientes habituales de suplemento dietario.;"Gomita de vinagre de manzana + B12 + ácido fólico; quitar claims de peso/detox y usar 'contribuye al metabolismo energético normal' (B12).";"Precio = variante mínima (salePrice 52.9 es multipack). Dosis tomadas del estándar Goli ACV (500 mg ACV, 200 mcg DFE folato, 1,2 mcg B12). Goli ACV Zero Sugar con probióticos (1729625706329182727) suma 58.815 uds totales; Bears with Benefits ACV + B6/B12/yodo, 1.301 uds/30d.";productos_peso_digestion.json;
Blood Sugar Complex 20 Vitamins & Minerals;No identificada (shop 7495620301677955118);US;PES;Complejo glucosa multi-hierbas;Cápsula;Frasco;Frasco (aprox. 60 cápsulas);20 vitaminas, minerales y botánicos según título | Típico de esta fórmula: cromo, zinc, magnesio, vitamina C/E, biotina, canela, gymnema, melón amargo, ácido alfa-lipoico, banaba (verificar);Cromo + vitaminas/minerales + canela + gymnema + melón amargo + ácido alfa-lipoico (complejo glucosa);Apoyar niveles saludables de azúcar en sangre.;Blood Sugar Complex – 20 vitamins & minerals support overall health;27.97;7927;409168;178587.31;10226288.54;4.5;25743;1729456807489081390;https://echosell-images.tos-ap-southeast-1.volces.com/product-cover/97/1729456807489081390_0.webp;TikTok Shop US vía Ecom Magic;7.927 unidades en 30 días y 409.168 acumuladas en TikTok Shop US (GMV total ≈ US$10.226.289);Amarillo;Vitaminas/minerales son verdes, pero gymnema, banaba, melón amargo y el claim de glucosa obligan a revisar clasificación.;"Cápsula de cromo + zinc + magnesio + vitaminas + canela + ácido alfa-lipoico; claim 'contribuye al mantenimiento de niveles normales de glucosa' (cromo).";"Ingredientes exactos no verificados (WebSearch agotado); el listado de botánicos es el estándar de esta fórmula en Amazon.";productos_peso_digestion.json;
Blood Sugar Complex 240 caps;VIVONU;US;PES;Complejo glucosa multi-hierbas;Cápsula;Bolsa doypack;240 cápsulas por bolsa;Melón amargo | Cúrcuma | Canela | Hoja de morera | Berberina | Fenogreco;Melón amargo + cúrcuma + canela + hoja de morera + berberina + fenogreco (cápsula);Equilibrio de glucosa, apoyo antioxidante y metabólico.;Blood Sugar Balance | Antioxidant | Metabolic Support;26.8;4008;16936;163844.9;808684.96;4.6;1494;1731499293015642701;https://echosell-images.tos-ap-southeast-1.volces.com/product-cover/612/1731499293015642701_0.webp;TikTok Shop US vía Ecom Magic;4.008 unidades en 30 días y 16.936 acumuladas en TikTok Shop US (GMV total ≈ US$808.685);Amarillo;"La berberina no es ingrediente típico de suplemento dietario en Colombia; puede exigir clasificación como fitoterapéutico y el claim de glucosa es terapéutico.";Cápsula de canela + cúrcuma + hoja de morera + cromo (sin berberina), en bolsa doypack de 240 como diferencial de precio.;El mismo producto se vende en TikTok Shop MX (1733780689070490832: 701 uds/30d, 3.644 totales). Bolsa de 240 cápsulas = formato barato y viral.;productos_peso_digestion.json;
Super Nopal;No identificada (shop 7495381782693579278);US;PES;Nopal + cromo + gymnema;Cápsula;Frasco;30 porciones;Cromo (picolinato) 1.000 mcg | Nopal 700 mg | Gymnema sylvestre 350 mg;Nopal + cromo picolinato + gymnema (cápsula);Apoyar el equilibrio de azúcar en sangre.;Natural Blood Sugar & Wellness Support;64.94;264;16395;27640.31;1226513.83;4.8;1339;1729677435394494990;https://echosell-images.tos-ap-southeast-1.volces.com/product-cover/606/1729677435394494990_0.webp;TikTok Shop US vía Ecom Magic;264 unidades en 30 días y 16.395 acumuladas en TikTok Shop US (GMV total ≈ US$1.226.514);Amarillo;Nopal y cromo son comunes, pero 1.000 mcg de cromo supera límites usuales y gymnema/claim de glucosa son delicados.;"Cápsula de nopal 700 mg + cromo 200 mcg (+ canela) sin gymnema; fórmula muy cercana al consumidor latino.";Precio = variante mínima (pack). Dosis en el título del listing.;productos_peso_digestion.json;
Metabolism Support Capsules;URO;US;PES;Metabolismo con cafeína y café verde;Cápsula;Frasco;30 porciones;Probiótico | Vitamina B12 | Extracto de grano de café verde | Cafeína;Extracto de café verde + cafeína + vitamina B12 + probiótico (cápsula);Apoyar metabolismo saludable y energía.;For healthy metabolism and energy;31.99;2008;313910;64235.92;6064189.92;4.2;22389;1729713280742036182;https://echosell-images.tos-ap-southeast-1.volces.com/product-cover/463/1729713280742036182_0.webp;TikTok Shop US vía Ecom Magic;2.008 unidades en 30 días y 313.910 acumuladas en TikTok Shop US (GMV total ≈ US$6.064.190);Amarillo;La cafeína (según dosis) y el extracto de café verde con claim de metabolismo suelen tener límites y revisión de claims.;"Cápsula de café verde + té verde (cafeína ≤ límite) + B12 + Lactobacillus; claim de energía (B12).";Dosis no publicadas en el listing.;productos_peso_digestion.json;
Lemme Burn;Lemme;US;PES;Activador AMPK (gynostemma);Cápsula;Frasco;60 cápsulas;Actiponin (extracto de Gynostemma pentaphyllum) | Extracto de té verde | Vitamina B6 | Vitamina B12;Gynostemma (Actiponin) + extracto de té verde + vitaminas B6 y B12 (cápsula);Apoyar metabolismo y activación de AMPK.;Metabolism + AMPK activating supplement;51.99;902;123622;45574.98;4291937.98;4.4;9590;1730435681434506087;https://echosell-images.tos-ap-southeast-1.volces.com/product-cover/141/1730435681434506087_0.webp;TikTok Shop US vía Ecom Magic;902 unidades en 30 días y 123.622 acumuladas en TikTok Shop US (GMV total ≈ US$4.291.938);Amarillo;"Gynostemma es botánico poco usual en Colombia (posible fitoterapéutico); el té verde concentrado tiene límites.";"Cápsula de té verde + B6 + B12 + cromo; reemplazar Actiponin por extracto de té verde/L-carnitina.";Lemme también vende 'All In One Bundle' (Burn + Curb + Tone con Chromax) con 2.764 uds/30d.;productos_peso_digestion.json;
Berberina HCL 97% 1410 mg con canela, cúrcuma y pimienta;No identificada (shop 7496189092635970445);MX;PES;Berberina + canela + cúrcuma;Cápsula;Frasco;60 cápsulas;Mezcla 1.410 mg/porción: berberina HCl 97% | Canela de Ceilán | Cúrcuma | Pimienta negra (piperina);Berberina + canela de Ceilán + cúrcuma + pimienta negra (cápsula);Apoyo digestivo y metabólico.;Apoyo Digestivo y Metabólico | Hecho en EE. UU.;31.01;1524;21375;47571.16;612310.74;4.8;1587;1732373727639340941;https://echosell-images.tos-ap-southeast-1.volces.com/product-cover/719/1732373727639340941_0.webp;TikTok Shop MX vía Ecom Magic;1.524 unidades en 30 días y 21.375 acumuladas en TikTok Shop MX (GMV total ≈ US$612.311);Amarillo;"La berberina no es ingrediente típico de suplemento dietario en Colombia; puede exigir clasificación como fitoterapéutico y el claim de glucosa es terapéutico.";"Cápsula de canela + cúrcuma + pimienta negra + cromo; si se acepta berberina como fitoterapéutico, mantener la fórmula 4-en-1.";"Precio = variante mínima (salePrice 55.88 = pack). Precio devuelto por la API ya en USD; ≈ 574 MXN (x18.5).";productos_peso_digestion.json;Sí
Pure Berberine 1000 mg;B Life;MX;PES;Berberina pura;Cápsula;Frasco;180 cápsulas;Berberina HCl 1.000 mg por porción;Berberina HCl pura (cápsula);Apoyar glucosa, colesterol y metabolismo.;Berberina HCL Pura 1000 mg por porción;44.94;311;12348;12514.64;517302.82;4.9;315;1731791962389645767;https://echosell-images.tos-ap-southeast-1.volces.com/product-cover/651/1731791962389645767_0.webp;TikTok Shop MX vía Ecom Magic;311 unidades en 30 días y 12.348 acumuladas en TikTok Shop MX (GMV total ≈ US$517.303);Amarillo;"La berberina no es ingrediente típico de suplemento dietario en Colombia; puede exigir clasificación como fitoterapéutico y el claim de glucosa es terapéutico.";"Solo viable si INVIMA acepta berberina; alternativa: cápsula de canela + cromo + ácido alfa-lipoico.";"Marca muy fuerte también en Mercado Libre MX (más vendido en berberina). Precio devuelto por la API ya en USD; ≈ 831 MXN (x18.5).";productos_peso_digestion.json;
Berberina HCl 1500 mg Alta Concentración;Windboss;MX;PES;Berberina alta dosis;Cápsula;Frasco;90 cápsulas;Berberina HCl 1.500 mg por porción;Berberina HCl alta dosis (cápsula);Apoyo a la AMPK y metabolismo.;Alta concentración – Apoyo a la AMPK – Ideal para el verano;32.02;2251;8423;84109.72;269726.67;4.8;916;1736004096868189259;https://echosell-images.tos-ap-southeast-1.volces.com/product-cover/252/1736004096868189259_0.webp;TikTok Shop MX vía Ecom Magic;2.251 unidades en 30 días y 8.423 acumuladas en TikTok Shop MX (GMV total ≈ US$269.727);Amarillo;"La berberina no es ingrediente típico de suplemento dietario en Colombia; puede exigir clasificación como fitoterapéutico y el claim de glucosa es terapéutico.";"Igual que berberina pura; alternativa sin berberina: canela + cromo + ALA.";"Precio = GMV total / unidades (minPrice 76.5 corresponde a packs). Otro listing Windboss igual (1736003749484201158) suma 1.183 uds/30d. Lanzado jul-2026: crecimiento muy rápido. Precio devuelto por la API ya en USD; ≈ 592 MXN (x18.5).";productos_peso_digestion.json;
97% Berberina HCL 2110 mg con canela, cúrcuma y pimienta;No identificada (shop 7496053676522376171);MX;PES;Berberina + canela + cúrcuma;Cápsula;Frasco;300 cápsulas;Berberina HCl 2.000 mg/porción | Canela de Ceilán | Cúrcuma | Pimienta negra;Berberina + canela de Ceilán + cúrcuma + pimienta negra (cápsula);Apoyo metabólico y de glucosa.;Berberina HCL 2110 mg con canela de Ceilán, cúrcuma y pimienta negra;42.12;2185;10387;51035.3;154812.58;4.7;1191;1735900789169489899;https://echosell-images.tos-ap-southeast-1.volces.com/product-cover/688/1735900789169489899_0.webp;TikTok Shop MX vía Ecom Magic;2.185 unidades en 30 días y 10.387 acumuladas en TikTok Shop MX (GMV total ≈ US$154.813);Amarillo;"La berberina no es ingrediente típico de suplemento dietario en Colombia; puede exigir clasificación como fitoterapéutico y el claim de glucosa es terapéutico.";"Misma fórmula base que la berberina 4-en-1 de 1.410 mg; un registro podría amparar ambas presentaciones.";"Precio = variante mínima. Lanzado jul-2026. Precio devuelto por la API ya en USD; ≈ 779 MXN (x18.5).";productos_peso_digestion.json;
Gummy Life Gomitas de Vinagre de Manzana;Gummy Life;MX;PES;Gomitas de vinagre de manzana;Gomita;Frasco;Frasco de gomitas (aprox. 60);Vinagre de manzana | Ácido fólico | Zinc | Vitamina B12 | Canela;Vinagre de manzana + vitamina B12 + ácido fólico + zinc + canela (gomita);Apoyar digestión, metabolismo y bienestar diario.;Gomitas de vinagre de manzana veganas, sin azúcares añadidos;22.5;1501;163318;15143.89;1831257.7;4.7;13382;1731788931525413623;https://echosell-images.tos-ap-southeast-1.volces.com/product-cover/21/1731788931525413623_0.webp;TikTok Shop MX vía Ecom Magic;1.501 unidades en 30 días y 163.318 acumuladas en TikTok Shop MX (GMV total ≈ US$1.831.258);Verde;Vinagre de manzana, vitaminas, zinc y canela son ingredientes típicos de suplemento dietario.;"Fórmula directa: gomita ACV + B12 + folato + zinc + canela; comparte base con las ACV gummies de EE. UU.";"Packs de 2 y 3 frascos en listings aparte (29.016 y 13.189 uds). Precio devuelto por la API ya en USD; ≈ 416 MXN (x18.5).";productos_peso_digestion.json;Sí
L-Carnitina Líquida 3000 mg;VIFSSG;MX;PES;L-carnitina líquida;Líquido/Shot;Botella;Botella (sabor gomita ácida);L-carnitina 3.000 mg/porción | BCAA | Taurina;L-carnitina + BCAA + taurina (líquido);Apoyar energía y uso de grasa como combustible durante el ejercicio.;Quemador de grasa y energía con BCAA y taurina;18.46;0;917;;14692.21;4.8;128;1732608549472077223;https://echosell-images.tos-ap-southeast-1.volces.com/product-cover/623/1732608549472077223_0.webp;TikTok Shop MX vía Ecom Magic;0 unidades en 30 días y 917 acumuladas en TikTok Shop MX (GMV total ≈ US$14.692);Verde;L-carnitina, BCAA y taurina son aminoácidos habituales en suplementos (vigilar dosis de taurina y claim 'quemador').;"Shot/botella de L-carnitina 1.000-2.000 mg + BCAA; eliminar 'quemador de grasa' y usar 'apoyo a la energía en el ejercicio'.";"Listing en liquidación (0 ventas en 30 días). Incluido porque en MX 'quemador de grasa' casi no tiene suplementos (solo fajas y aparatos). Precio devuelto por la API ya en USD; ≈ 342 MXN (x18.5).";productos_peso_digestion.json;
Digestive Enzymes + Probiotics;Physician's Choice;US;DIG;Enzimas digestivas + probióticos;Cápsula;Frasco;60 cápsulas;Mezcla de enzimas digestivas (proteasa, amilasa, lipasa, lactasa, bromelina, papaína, alfa-galactosidasa…) | Probióticos | Prebiótico;Enzimas digestivas multi-espectro + probióticos + prebiótico (cápsula);Reducir hinchazón y molestias después de comer.;Bloating & mealtime discomfort support;17.57;49366;559942;1722626.65;17141877.08;4.2;49502;1729415062788019186;https://echosell-images.tos-ap-southeast-1.volces.com/product-cover/813/1729415062788019186_0.webp;TikTok Shop US vía Ecom Magic;49.366 unidades en 30 días y 559.942 acumuladas en TikTok Shop US (GMV total ≈ US$17.141.877);Verde;Enzimas digestivas, probióticos y prebióticos son ingredientes habituales de suplemento dietario.;Registro directo: cápsula de enzimas (proteasa, amilasa, lipasa, lactasa, bromelina, papaína) + Lactobacillus/Bifidobacterium + inulina.;El producto más vendido de la categoría en TikTok Shop US. Physician's Choice fue la marca de probióticos #1 en TikTok Shop. El bundle 'Hack your Tummy' (enzimas + probiótico 60B) suma 778.983 uds.;productos_peso_digestion.json;
Colon Cleanse 400 g;Bella All Natural;US;DIG;Limpieza de colon con fibra;Polvo;Bolsa doypack;400 g;Mezcla de fibras y botánicos para tránsito intestinal (etiqueta exacta no verificada);Mezcla de fibras vegetales + botánicos digestivos (polvo para tránsito intestinal);Mejorar el tránsito intestinal y la sensación de vientre plano.;Colon Cleanse – all natural;55.0;15935;463176;674304.5;13501518.44;4.6;44575;1729493491247976780;https://echosell-images.tos-ap-southeast-1.volces.com/product-cover/511/1729493491247976780_0.webp;TikTok Shop US vía Ecom Magic;15.935 unidades en 30 días y 463.176 acumuladas en TikTok Shop US (GMV total ≈ US$13.501.518);Amarillo;"Si la mezcla incluye sen, cáscara sagrada u otros laxantes estimulantes pasa a fitoterapéutico; con solo fibras sería verde.";Polvo de psyllium + linaza + inulina + chía + piña (sin laxantes estimulantes), claim 'contribuye al tránsito intestinal normal'.;Marca latina en EE. UU. muy viral (sabor piña). Ingredientes no confirmados porque se agotó el presupuesto de WebSearch: verificar la etiqueta antes de copiar la fórmula.;productos_peso_digestion.json;
D-BLOAT Advanced Debloat Powder;ATRAKT;US;DIG;Polvo anti-hinchazón;Polvo;Tarro;30 porciones;Mezcla 'debloat' (no verificada): típicamente enzimas digestivas, jengibre, hinojo, menta, diente de león y electrolitos;Mezcla anti-hinchazón: enzimas + jengibre + hinojo + menta + diente de león (polvo para bebida);Desinflamar el abdomen y mejorar la digestión.;Advanced Debloat Powder;36.98;15969;113534;540427.74;3690298.66;4.4;5164;1731457847487534064;https://echosell-images.tos-ap-southeast-1.volces.com/product-cover/194/1731457847487534064_0.webp;TikTok Shop US vía Ecom Magic;15.969 unidades en 30 días y 113.534 acumuladas en TikTok Shop US (GMV total ≈ US$3.690.299);Amarillo;El diente de león y las hierbas diuréticas, con claim de deshinchar, suelen requerir revisión como fitoterapéutico.;"Polvo con enzimas + jengibre + hinojo + menta + inulina + citrato de potasio; sabor frutal.";Lanzado oct-2025, ya 15.969 uds/30d. Ingredientes no confirmados (WebSearch agotado).;productos_peso_digestion.json;
Cutting Drops Lymphatic Debloat;LeeFar;US;DIG;Gotas linfáticas / debloat;Gotas;Gotero;30 porciones (mango-pitahaya);Diente de león | Cleavers (Galium aparine) | Bardana | Saúco;Diente de león + amor de hortelano (cleavers) + bardana + saúco (gotas);Drenaje linfático, menos hinchazón y comodidad digestiva.;Lymphatic-focused debloat formula;19.77;15684;66021;288197.82;1434380.12;4.4;3655;1732441717126369927;https://echosell-images.tos-ap-southeast-1.volces.com/product-cover/844/1732441717126369927_0.webp;TikTok Shop US vía Ecom Magic;15.684 unidades en 30 días y 66.021 acumuladas en TikTok Shop US (GMV total ≈ US$1.434.380);Amarillo;Extractos herbales con claim diurético o de drenaje linfático tienden a clasificarse como fitoterapéuticos.;"Gotas de jengibre + hinojo + diente de león en dosis alimentarias; sin claim 'linfático', usar 'bienestar digestivo'.";Lanzado jun-2026: 15.684 uds en 30 días, uno de los de más rápido crecimiento.;productos_peso_digestion.json;
Lemme Debloat Gummies;Lemme;US;DIG;Probióticos en gomita;Gomita;Frasco;60 gomitas (mora);Probióticos de estudio clínico: Bacillus coagulans (LactoSpore) y Bacillus subtilis DE111 | Prebiótico;Probióticos esporulados (Bacillus coagulans + Bacillus subtilis) + prebiótico (gomita);Reducir hinchazón y apoyar la salud intestinal.;Digestive & gut health gummies with 2 clinically studied probiotics;39.0;2040;34229;76356.0;1027964.49;4.6;1945;1729441957239427943;https://echosell-images.tos-ap-southeast-1.volces.com/product-cover/992/1729441957239427943_0.webp;TikTok Shop US vía Ecom Magic;2.040 unidades en 30 días y 34.229 acumuladas en TikTok Shop US (GMV total ≈ US$1.027.964);Verde;Probióticos y prebióticos son ingredientes habituales de suplemento dietario.;Gomita con Bacillus coagulans + inulina (las cepas esporuladas resisten el proceso de la gomita).;Cepas según el título del bundle Lemme Daily Digestive.;productos_peso_digestion.json;
Korean Debloat Kombucha;Kivvy;US;DIG;Kombucha en polvo anti-hinchazón;Polvo;Caja con sachets;20 porciones (durazno-mango);Kombucha en polvo | Toronjil (melisa) | Melena de león | Sin azúcar, 0 calorías;Kombucha en polvo + toronjil + melena de león (bebida instantánea);Desinflamar, apoyar la digestión y calmar.;Korean Debloat Kombucha – natural gut cleanse, stress calm & clarity;39.95;7458;26037;297947.1;1024090.88;4.4;2279;1731741882299945545;https://echosell-images.tos-ap-southeast-1.volces.com/product-cover/372/1731741882299945545_0.webp;TikTok Shop US vía Ecom Magic;7.458 unidades en 30 días y 26.037 acumuladas en TikTok Shop US (GMV total ≈ US$1.024.091);Amarillo;"La melena de león es un hongo funcional que quizá no esté en los listados colombianos; el toronjil es aromática aceptada.";"Bebida en polvo de té verde/kombucha + jengibre + toronjil + inulina; quitar la melena de león.";Tendencia 'Korean wellness'. Presentación exacta (sobres o tarro) no confirmada.;productos_peso_digestion.json;
Fiber Well Sugar Free Gummies;Vitafusion;US;DIG;Gomitas de fibra;Gomita;Frasco;90 gomitas;"Fibra soluble 5 g por porción (inulina/polidextrosa; verificar)";Fibra soluble prebiótica (inulina/polidextrosa) en gomita sin azúcar;Apoyar la regularidad intestinal.;Supports digestive health & regularity – 5 g fiber;19.99;39816;161868;704352.71;3239089.98;4.4;18727;1732265921298993534;https://echosell-images.tos-ap-southeast-1.volces.com/product-cover/120/1732265921298993534_0.webp;TikTok Shop US vía Ecom Magic;39.816 unidades en 30 días y 161.868 acumuladas en TikTok Shop US (GMV total ≈ US$3.239.090);Verde;La fibra soluble es ingrediente típico de suplemento/alimento.;"Gomita de inulina de achicoria 5 g/porción sin azúcar; puede compartir registro con gomitas de fibra de otras marcas.";Physician's Choice Fiber Gummies (1732009250322289650) tiene la misma fórmula base: 6.090 uds/30d y 105.384 totales.;productos_peso_digestion.json;
Bowel Movement Jelly (Coleology);FOODOLOGY;US;DIG;Jalea de fibra en stick (K-beauty);Sachet/Stick;Caja con sachets;10 sticks de jalea (uva);Fibra dietaria | Garcinia cambogia | Colágeno | Semillas de chía;Fibra dietaria + chía + garcinia cambogia + colágeno (jalea en stick);Aliviar el estreñimiento y la hinchazón.;Gut comfort, relieves bloating;35.1;529;32903;46755.99;1399154.59;4.2;2940;1731529471026171940;https://echosell-images.tos-ap-southeast-1.volces.com/product-cover/344/1731529471026171940_0.webp;TikTok Shop US vía Ecom Magic;529 unidades en 30 días y 32.903 acumuladas en TikTok Shop US (GMV total ≈ US$1.399.155);Amarillo;"La garcinia cambogia tiene alertas sanitarias y claims de peso delicados; el resto es verde.";Jalea en stick de inulina/polidextrosa + chía + colágeno, sin garcinia. Formato diferencial (jelly stick) para Colombia.;Precio = variante mínima de 10 sticks. Marca coreana.;productos_peso_digestion.json;
Chlorophyll Pill;Body Magic;US;DIG;Clorofila en cápsula;Cápsula;Frasco;Frasco de cápsulas;Clorofila (clorofilina cúprica sódica);Clorofila (clorofilina cúprica sódica), cápsula;'Desodorante interno', detox y piel.;For body odor, detox & skin;17.65;20217;457805;320652.15;5734251.99;4.5;33511;1729405553573925766;https://echosell-images.tos-ap-southeast-1.volces.com/product-cover/635/1729405553573925766_0.webp;TikTok Shop US vía Ecom Magic;20.217 unidades en 30 días y 457.805 acumuladas en TikTok Shop US (GMV total ≈ US$5.734.252);Verde;La clorofila/clorofilina se comercializa en Colombia como suplemento y es de bajo riesgo.;"Cápsula de clorofilina 100 mg + menta; claim 'antioxidante' en vez de 'detox'.";Dosis no publicada en el listing.;productos_peso_digestion.json;
Liquid Chlorophyll Drops;Horbäach;US;DIG;Clorofila líquida;Gotas;Gotero;2 fl oz (59 mL), menta;"Clorofila líquida (clorofilina cúprica sódica, aprox. 100 mg por porción; verificar)";Clorofila (clorofilina cúprica sódica), gotas líquidas;Frescura interna y apoyo digestivo.;Liquid Chlorophyll Drops – vegan, non-GMO;18.19;7857;274387;128487.63;3107421.1;4.6;30635;1730928849486975148;https://echosell-images.tos-ap-southeast-1.volces.com/product-cover/209/1730928849486975148_0.webp;TikTok Shop US vía Ecom Magic;7.857 unidades en 30 días y 274.387 acumuladas en TikTok Shop US (GMV total ≈ US$3.107.421);Verde;La clorofila líquida ya se vende en Colombia como suplemento.;"Gotas o botella de clorofila líquida sabor menta; registro simple.";"Otra clorofila líquida genérica (1729680284628193464) suma 186.737 uds; ChloroZen de Clean Nutra (cápsula con espirulina y chlorella) 19.406.";productos_peso_digestion.json;
Liver Detox Silymarin 300 mg;Oxyenergy;US;DIG;Hígado: cardo mariano;Cápsula;Frasco;90 cápsulas;Silimarina (cardo mariano) 300 mg | Raíz de kudzu | Cúrcuma | Inositol | Metionina | Vitamina C;Cardo mariano (silimarina) + cúrcuma + kudzu + inositol + metionina + vitamina C (cápsula);Apoyar la función hepática y la desintoxicación.;Liver detox & colon cleanse, high potency;38.99;798;54430;70344.06;3141871.71;4.2;1997;1729937588163809518;https://echosell-images.tos-ap-southeast-1.volces.com/product-cover/668/1729937588163809518_0.webp;TikTok Shop US vía Ecom Magic;798 unidades en 30 días y 54.430 acumuladas en TikTok Shop US (GMV total ≈ US$3.141.872);Amarillo;"El cardo mariano con claim hepático suele ir por fitoterapéutico; el kudzu no es usual.";"Cápsula de colina + metionina + inositol + vitamina C + cúrcuma; claim 'la colina contribuye a la función hepática normal'.";Otro listing de la misma marca (1729477535007412462) suma 32.471 uds.;productos_peso_digestion.json;
Liver Health Drops;SuperBonsai;US;DIG;Hígado: cardo mariano líquido;Gotas;Gotero;Frasco gotero;Cardo mariano | Raíz de diente de león | Botánicos hepáticos;Cardo mariano + raíz de diente de león + botánicos (gotas);Apoyo detox diario del hígado.;Doctor-formulated liver health, daily liver detox support;42.95;1164;46495;81365.91;2582457.98;4.4;1408;1729466401394954546;https://echosell-images.tos-ap-southeast-1.volces.com/product-cover/577/1729466401394954546_0.webp;TikTok Shop US vía Ecom Magic;1.164 unidades en 30 días y 46.495 acumuladas en TikTok Shop US (GMV total ≈ US$2.582.458);Amarillo;Cardo mariano y diente de león con claim hepático suelen tener clasificación fitoterapéutica.;"Gotas de alcachofa + boldo/diente de león en dosis alimentarias + colina; validar con el listado de plantas INVIMA.";Precio = variante mínima.;productos_peso_digestion.json;
Liver & Kidney Detox Tea;iTREE;US;DIG;Té detox hígado y riñón;Té/Infusión;Bolsa doypack;Bolsitas de fibra de maíz (9 hierbas);Cardo mariano | Goji | Raíz de diente de león | Madreselva | 5 hierbas más (total 9);Infusión de cardo mariano + goji + diente de león + madreselva (mezcla de 9 hierbas);Limpieza hepática y renal natural.;Liver & kidney detox tea blend – 9 organic herbs;18.21;1774;57085;67901.61;1641142.78;4.6;3414;1730351407904363312;https://echosell-images.tos-ap-southeast-1.volces.com/product-cover/270/1730351407904363312_0.webp;TikTok Shop US vía Ecom Magic;1.774 unidades en 30 días y 57.085 acumuladas en TikTok Shop US (GMV total ≈ US$1.641.143);Amarillo;"Las aromáticas pueden registrarse como alimento solo si cada planta está aprobada para infusión; el cardo mariano y el claim hepático complican.";Aromática de diente de león + jengibre + limoncillo + goji + menta (plantas de uso alimentario), claim 'bienestar digestivo'.;Precio = variante mínima.;productos_peso_digestion.json;
MagO7 Oxygenated Magnesium;NBPure;US;DIG;Limpieza de colon con magnesio oxigenado;Cápsula;Frasco;Frasco de cápsulas;"Óxidos de magnesio ozonizados | Ácido cítrico (típico; verificar)";Óxidos de magnesio ozonizados + ácido cítrico (cápsula de limpieza de colon);Limpieza de colon y alivio del estreñimiento ocasional.;Oxygenated magnesium colon cleanse & digestive detox;25.94;2391;52391;82700.76;1488325.97;4.6;4205;1730249280773395102;https://echosell-images.tos-ap-southeast-1.volces.com/product-cover/769/1730249280773395102_0.webp;TikTok Shop US vía Ecom Magic;2.391 unidades en 30 días y 52.391 acumuladas en TikTok Shop US (GMV total ≈ US$1.488.326);Amarillo;El magnesio es mineral permitido, pero en dosis laxantes y con claim de limpieza de colon se acerca a medicamento.;"Cápsula de citrato/óxido de magnesio en dosis nutricional + inulina; claim 'el magnesio contribuye al funcionamiento normal de los músculos'.";Global Healing Oxy-Powder (1729614681878466684, fórmula equivalente) vende 4.586 uds/30d.;productos_peso_digestion.json;
Wormwood Black Walnut Cloves;VIVONU;US;DIG;Limpieza de parásitos;Cápsula;Bolsa doypack;240 cápsulas (80 días);Ajenjo | Nogal negro | Clavo | Ajo | Otros botánicos;Ajenjo + nogal negro + clavo + ajo (cápsula 'parasite cleanse');'Limpieza de parásitos', metabolismo y energía.;Boost metabolism & enhance energy;39.9;4430;51388;328357.61;4070659.32;4.5;3824;1731745485449040341;https://echosell-images.tos-ap-southeast-1.volces.com/product-cover/288/1731745485449040341_0.webp;TikTok Shop US vía Ecom Magic;4.430 unidades en 30 días y 51.388 acumuladas en TikTok Shop US (GMV total ≈ US$4.070.659);Rojo;El claim antiparasitario es de medicamento y el ajenjo (tujona) y el nogal negro no son aceptables como suplemento dietario.;"No replicar tal cual; alternativa: cápsula de ajo + orégano + clavo + papaya con claim digestivo general.";Precio = variante mínima (salePrice 89.9 = pack).;productos_peso_digestion.json;
Probióticos 60 mil millones + 16 enzimas digestivas;Windboss;MX;DIG;Probióticos + enzimas digestivas;Cápsula;Frasco;60 cápsulas;Probióticos 60.000 millones UFC | 16 enzimas digestivas | Jengibre orgánico | Menta orgánica;Probióticos multicepa (60 mil millones UFC) + enzimas digestivas + jengibre + menta (cápsula);Soporte digestivo, menos inflamación y bienestar diario.;Soporte digestivo y antioxidante natural;31.33;22122;183200;900311.52;5739178.18;4.7;21193;1733508743268303947;https://echosell-images.tos-ap-southeast-1.volces.com/product-cover/59/1733508743268303947_0.webp;TikTok Shop MX vía Ecom Magic;22.122 unidades en 30 días y 183.200 acumuladas en TikTok Shop MX (GMV total ≈ US$5.739.178);Verde;Probióticos, enzimas, jengibre y menta son ingredientes habituales de suplemento dietario.;Registro directo: cápsula de probióticos 10-60 mil millones UFC + enzimas + jengibre + menta. Es la fórmula #1 de MX.;"Precio = GMV total / unidades (minPrice 70.47 corresponde a packs). Un segundo listing Windboss igual (1734892708760159359) suma 9.159 uds/30d y 44.438 totales. Es el producto de digestión más vendido de TikTok Shop MX. Precio devuelto por la API ya en USD; ≈ 580 MXN (x18.5).";productos_peso_digestion.json;Sí
15 Días para Sentirse más Ligero;Windboss;MX;DIG;Limpieza de colon de 15 días;Cápsula;Frasco;Frasco de cápsulas (rutina de 15 días);Combinación de hierbas | Probióticos;Mezcla herbal digestiva + probióticos (cápsula de limpieza de 15 días);Sentirse más ligero y apoyar la digestión.;15 días para sentirse más ligero;26.61;2993;31341;63682.49;834043.13;4.6;3459;1731556707931227263;https://echosell-images.tos-ap-southeast-1.volces.com/product-cover/381/1731556707931227263_0.webp;TikTok Shop MX vía Ecom Magic;2.993 unidades en 30 días y 31.341 acumuladas en TikTok Shop MX (GMV total ≈ US$834.043);Amarillo;Las limpiezas de 15 días suelen llevar sen, cáscara sagrada o áloe (laxantes estimulantes, fitoterapéuticos o medicamento).;Cápsula de psyllium + inulina + jengibre + Lactobacillus para 15 días, sin laxantes estimulantes.;"Ingredientes herbales exactos no publicados. Precio = GMV total / unidades. Es la versión MX del viral 'Dr. Bo 15 Day Colon Cleanse'. Precio devuelto por la API ya en USD; ≈ 492 MXN (x18.5).";productos_peso_digestion.json;Sí
Enzimas Digestivas + Probióticos 180 cápsulas;No identificada (shop 7496052953643125442);MX;DIG;Enzimas digestivas + probióticos;Cápsula;Frasco;180 cápsulas;7 enzimas digestivas: proteasa, lactasa, lipasa, bromelina, papaína, entre otras | Probióticos | Prebióticos;Enzimas digestivas multi-espectro + probióticos + prebióticos (cápsula);Mejorar la digestión y reducir la pesadez.;7 enzimas digestivas + probióticos y prebióticos;30.95;245;64379;5003.02;470826.33;4.8;1480;1731735700982762178;https://echosell-images.tos-ap-southeast-1.volces.com/product-cover/176/1731735700982762178_0.webp;TikTok Shop MX vía Ecom Magic;245 unidades en 30 días y 64.379 acumuladas en TikTok Shop MX (GMV total ≈ US$470.826);Verde;Enzimas, probióticos y prebióticos son ingredientes estándar de suplemento.;Comparte la fórmula base con Physician's Choice Digestive Enzymes: un solo registro.;"La versión de 60 cápsulas (1731735718709856962) suma otras 64.350 uds. Precio devuelto por la API ya en USD; ≈ 573 MXN (x18.5).";productos_peso_digestion.json;
Aceite de Orégano con Aceite de Semilla Negra;VIVONU;MX;DIG;Aceite de orégano + comino negro;Softgel;Frasco;300 cápsulas blandas;Aceite de orégano | Aceite de semilla negra (Nigella sativa);Aceite de orégano + aceite de semilla negra (softgel);Antioxidante, apoyo digestivo y metabolismo saludable.;Fórmula de origen botánico, apoyo a un metabolismo saludable;30.71;8570;241048;326063.97;7401833.69;4.7;25644;1732231342341654736;https://echosell-images.tos-ap-southeast-1.volces.com/product-cover/273/1732231342341654736_0.webp;TikTok Shop MX vía Ecom Magic;8.570 unidades en 30 días y 241.048 acumuladas en TikTok Shop MX (GMV total ≈ US$7.401.834);Amarillo;"El aceite de orégano (carvacrol) y el de Nigella sativa son botánicos que pueden requerir clasificación fitoterapéutica; evitar claims antimicrobianos.";"Softgel de aceite de orégano en dosis culinaria + aceite de semilla negra + vitamina E; claim 'antioxidante'.";"Marca VIVONU deducida por la tienda (misma shop que VIVONU complejo de azúcar MX). Precio = GMV total / unidades (minPrice 70.91 = pack). Precio devuelto por la API ya en USD; ≈ 568 MXN (x18.5).";productos_peso_digestion.json;
Polvo Probiótico de Sandía;No identificada (shop 7496267208679590199);MX;DIG;Probiótico en polvo familiar;Polvo;Tarro;Tarro en polvo (sabor sandía);Probióticos (cepas no especificadas) | Saborizante sandía;Probióticos en polvo saborizado (para toda la familia);Salud digestiva e inmunidad intestinal para mujeres, hombres y niños.;Salud digestiva e inmunológica intestinal;10.55;14;18306;254.41;460167.7;4.5;1649;1732128836045538615;https://echosell-images.tos-ap-southeast-1.volces.com/product-cover/776/1732128836045538615_0.webp;TikTok Shop MX vía Ecom Magic;14 unidades en 30 días y 18.306 acumuladas en TikTok Shop MX (GMV total ≈ US$460.168);Verde;Los probióticos en polvo son de categoría suplemento dietario.;Polvo de probióticos + inulina sabor fruta en sobres unidosis (también vale para niños con otra dosis).;"Ventas recientes bajas (14 en 30 días): producto que ya pasó su pico. Precio devuelto por la API ya en USD; ≈ 195 MXN (x18.5).";productos_peso_digestion.json;
Piñalim Té Detox 30 sobres;GN+ Vida;MX;DIG;Té detox de piña y linaza;Té/Infusión;Caja con sachets;30 sobres / 90 g;Piña | Linaza | Té verde | Té rojo | Té blanco;Infusión de piña + linaza + té verde, rojo y blanco;Regular el tránsito intestinal y deshinchar.;Té detox para tránsito regulado;9.21;74;1726;706.5;13589.64;4.8;230;1732734939576960593;https://echosell-images.tos-ap-southeast-1.volces.com/product-cover/764/1732734939576960593_0.webp;TikTok Shop MX vía Ecom Magic;74 unidades en 30 días y 1.726 acumuladas en TikTok Shop MX (GMV total ≈ US$13.590);Amarillo;Los tés de piña y linaza son verdes, pero si la fórmula incluye sen (habitual en 'tés para adelgazar' mexicanos) pasa a fitoterapéutico.;"Aromática de piña + linaza + té verde + jengibre sin sen; registro como alimento/aromática.";"Marca clásica de farmacia mexicana; en TikTok MX vende poco. Composición exacta por confirmar. Precio devuelto por la API ya en USD; ≈ 170 MXN (x18.5).";productos_peso_digestion.json;
Alpha 10-in-1 Shilajit Gummies 4000 mg;Root Labs;US;SXM;Shilajit + adaptógenos masculinos;Gomita;Frasco;60 gomitas sin azúcar;Shilajit del Himalaya (75% ácido fúlvico) – total fórmula 4000 mg | Ashwagandha KSM-66 | Maca | Tongkat ali | Pimienta negra | Inulina (endulzante prebiótico);Shilajit + ashwagandha + maca + tongkat ali (+ pimienta negra) en gomita sin azúcar;Energía, resistencia y vitalidad masculina.;Energy, Stamina & Focus | Zero Sugar;80.97;5324;405523;393378.62;21288961;4.4;24692;1729493530057150553;https://echosell-images.tos-ap-southeast-1.volces.com/product-cover/376/1729493530057150553_0.webp;TikTok Shop US vía Ecom Magic;"405.523 uds totales y USD 21,3 M GMV histórico; 5.324 uds en 30 días; el shilajit #1 de TikTok Shop US en GMV.";Amarillo;"Shilajit y tongkat ali no son ingredientes tradicionales de suplemento en Colombia (posible clasificación fitoterapéutica/consulta SALA); ashwagandha también delicada.";"Gomita con shilajit purificado (dosis moderada) + maca + zinc + vitaminas B; si INVIMA objeta tongkat/ashwagandha, sustituir por L-arginina y ginseng. En Colombia no se permiten claims sexuales/hormonales en suplementos: comunicar como 'vitalidad masculina', 'energía y resistencia diaria'.";Precio = pack multi-frasco (min USD 26,99/frasco). Fórmula hermana: Root Labs Alpha + Sea Moss combo (66.922 uds).;productos_sexual_prostata.json;
GOLD+ Shilajit Honey Sticks;BetterAlt;US;SXM;Shilajit en miel (stick);Sachet/Stick;Caja con sachets;30 sticks x 8 g;Resina de shilajit 400 mg | Azafrán 2 mg | Miel 8 g;Shilajit resina + miel + azafrán (stick de miel);Energía y resistencia diaria con minerales y ácido fúlvico.;85 Minerals & 75% Fulvic Acid for Energy & Stamina;62.97;3438;483174;199648.62;18931792.8;4.0;36461;1729495780028420742;https://echosell-images.tos-ap-southeast-1.volces.com/product-cover/147/1729495780028420742_0.webp;TikTok Shop US vía Ecom Magic;"483.174 uds totales, USD 18,9 M GMV; ~USD 14,5 M reportado por prensa como uno de los shilajit más virales de TikTok Shop.";Amarillo;"Shilajit no es ingrediente común en suplementos colombianos; podría requerir concepto de SALA. Miel y azafrán sin problema.";"Stick de miel con shilajit purificado (≤250 mg) + azafrán; alternativa más segura: miel + maca + ginseng. En Colombia no se permiten claims sexuales/hormonales en suplementos: comunicar como 'vitalidad masculina', 'energía y resistencia diaria'.";Precio = pack (min USD 20,99). Vehículo diferencial (stick de miel) muy replicable con maquila de sachets.;productos_sexual_prostata.json;
Pure Himalayan Shilajit Resin;BetterAlt;US;SXM;Shilajit resina pura;Otro;Tarro;Resina, 75 porciones;Resina de shilajit purificada (fúlvico + 85 minerales traza);Shilajit resina pura (monoingrediente);Energía y vitalidad con minerales traza.;Helps Build Energy Levels | Lab-Tested for Purity;57.24;942;289195;54568.02;15149833.54;4.4;19234;1729397463644738182;https://echosell-images.tos-ap-southeast-1.volces.com/product-cover/248/1729397463644738182_0.webp;TikTok Shop US vía Ecom Magic;289.195 uds totales y USD 15,1 M GMV histórico en TikTok Shop US.;Amarillo;Resina de shilajit monoingrediente: requiere concepto de INVIMA/SALA y análisis de metales pesados.;Pasar a cápsula de extracto seco de shilajit estandarizado (más fácil de registrar que resina) o a stick de miel. En Colombia no se permiten claims sexuales/hormonales en suplementos: comunicar como 'vitalidad masculina', 'energía y resistencia diaria'.;Vehículo resina (frasco con cucharita). Be Bodywise/Root Labs tiene otra resina con 155.745 uds.;productos_sexual_prostata.json;
GOLD+ Shilajit, Ashwagandha & Sea Moss Capsules;BetterAlt;US;SXM;Shilajit + musgo marino;Cápsula;Frasco;Pack 2 meses;Shilajit | Ashwagandha | Musgo marino (sea moss);Shilajit + ashwagandha + musgo marino (sea moss) en cápsula;Energía, inmunidad y vitalidad general.;Helps Boost Energy & Immunity;57.94;2428;198859;164142.1;5795204.24;4.4;12357;1729439015302435462;https://echosell-images.tos-ap-southeast-1.volces.com/product-cover/648/1729439015302435462_0.webp;TikTok Shop US vía Ecom Magic;"198.859 uds totales; 2.428 uds y USD 164 k en 30 días.";Amarillo;"Shilajit y ashwagandha son ingredientes delicados en Colombia; musgo marino (alga) es aceptable con control de yodo.";"Cápsula de musgo marino + shilajit (dosis baja) + zinc + vitamina D; si objetan ashwagandha, retirarla. En Colombia no se permiten claims sexuales/hormonales en suplementos: comunicar como 'vitalidad masculina', 'energía y resistencia diaria'.";Combo shilajit+sea moss también lo vende Zoyava (258.366 uds, bundle).;productos_sexual_prostata.json;
Turkesterone with Tongkat Ali;Old School Labs;US;SXM;Turkesterona + tongkat ali;Cápsula;Frasco;120 cápsulas / 40 porciones;Ajuga turkestanica (turkesterona) extracto 10:1 1500 mg | Tongkat ali extracto 200:1 500 mg | BioPerine 10 mg;Turkesterona (Ajuga turkestanica) + tongkat ali + piperina;Rendimiento físico, fuerza y vitalidad masculina.;Supports Men’s Fitness, Performance & Vitality;49.99;6639;74000;285914.19;2836008.92;4.3;6215;1729558569691680792;https://echosell-images.tos-ap-southeast-1.volces.com/product-cover/195/1729558569691680792_0.webp;TikTok Shop US vía Ecom Magic;6.639 uds y USD 286 k en 30 días: el booster de testosterona en cápsula con más ventas del mes.;Amarillo;"Tongkat ali y Ajuga turkestanica no figuran como ingredientes habituales de suplemento; posible clasificación fitoterapéutica y claim hormonal no permitido.";"Cápsula 'vitalidad masculina' con maca + zinc + vitamina D + L-arginina; tongkat ali solo si SALA lo acepta. En Colombia no se permiten claims sexuales/hormonales en suplementos: comunicar como 'vitalidad masculina', 'energía y resistencia diaria'.";Fórmula similar: Peak Revival-X Turkesterone 1000 + Tongkat + Calostro (119.365 uds totales, 2.177 en 30 días, USD 44,95) y Peak Revival-X stack con fadogia (37.940 uds).;productos_sexual_prostata.json;
Testosterone+ Advanced 15-in-1 Softgels;Micro Ingredients;US;SXM;Complejo masculino 15 en 1;Softgel;Bolsa doypack;240 softgels / 80 porciones (2.280 mg por 3 softgels);Tongkat ali | Maca | Ashwagandha | Tribulus | Shilajit | L-arginina | L-citrulina | Ácido D-aspártico | Boro | Fadogia agrestis | Fenogreco | Saw palmetto | Ñame silvestre | Pimienta negra | Aceite de semilla de calabaza (vehículo);Complejo masculino: tongkat ali + maca + ashwagandha + tribulus + shilajit + L-arginina + L-citrulina + fenogreco + saw palmetto en aceite de semilla de calabaza;Energía, resistencia y vitalidad masculina.;15-in-1 Complex with Tongkat Ali, Horny Goat Weed, Shilajit, Maca & Saw Palmetto;26.99;5724;42591;154490.76;1157844.87;4.4;3162;1732277848170402477;https://echosell-images.tos-ap-southeast-1.volces.com/product-cover/281/1732277848170402477_0.webp;TikTok Shop US vía Ecom Magic;"Lanzado en abril de 2026: ya 42.591 uds; 5.724 uds en 30 días y 1,6 M de vistas.";Amarillo;"Mezcla de muchos botánicos con claim hormonal; ácido D-aspártico, fadogia y ñame silvestre (precursor hormonal) complicados ante INVIMA.";"Softgel de aceite de semilla de calabaza + maca + L-arginina + zinc + vitamina E; quitar D-aspártico, fadogia y ñame silvestre. En Colombia no se permiten claims sexuales/hormonales en suplementos: comunicar como 'vitalidad masculina', 'energía y resistencia diaria'.";Softgel oleoso: compatible con línea próstata (semilla de calabaza).;productos_sexual_prostata.json;
Men's Testosterone Power Complex Softgels;HiPlus;US;SXM;Shilajit + maca + ginseng;Softgel;Frasco;150/300 softgels;Shilajit | Maca | Ashwagandha | Ginseng;Shilajit + maca + ashwagandha + ginseng en softgel;Energía, resistencia y concentración masculina.;Energy, Stamina & Focus - Supports Testosterone;41.48;5921;23210;231456.56;832412.33;4.2;1837;1732220640941544343;https://echosell-images.tos-ap-southeast-1.volces.com/product-cover/940/1732220640941544343_0.webp;TikTok Shop US vía Ecom Magic;Lanzado en marzo de 2026: 5.921 uds y USD 231 k en 30 días (además, 3 listings clon de la misma tienda).;Amarillo;"Shilajit y ashwagandha delicados; ginseng y maca se aceptan como ingredientes comunes.";Softgel maca + ginseng + zinc + vitaminas B (shilajit opcional). En Colombia no se permiten claims sexuales/hormonales en suplementos: comunicar como 'vitalidad masculina', 'energía y resistencia diaria'.;Dosis no confirmadas (no hay Supplement Facts públicos).;productos_sexual_prostata.json;
Men's Vitality & Energy Effervescent Tablets;DrBioCare;US;SXM;Complejo masculino efervescente;Efervescente;Otro;Tubo de tabletas efervescentes;Tongkat ali | Shilajit | Ashwagandha | L-arginina;Tongkat ali + shilajit + ashwagandha + L-arginina en tableta efervescente;Energía y vitalidad masculina diaria.;Testosterone Booster with Tongkat Ali, Shilajit, Ashwagandha & L-Arginine;37.3;0;8883;0;321444.83;3.7;800;1732113627449102385;https://echosell-images.tos-ap-southeast-1.volces.com/product-cover/1001/1732113627449102385_0.webp;TikTok Shop US vía Ecom Magic;"8.883 uds y USD 321 k históricos; único formato efervescente masculino con tracción.";Amarillo;"Botánicos delicados (tongkat, shilajit, ashwagandha); la L-arginina es aceptada.";Efervescente de L-arginina + vitamina C + zinc + maca/ginseng. En Colombia no se permiten claims sexuales/hormonales en suplementos: comunicar como 'vitalidad masculina', 'energía y resistencia diaria'.;Ventas de 30 días en 0: producto en enfriamiento. Se incluye por el vehículo.;productos_sexual_prostata.json;
Nitric Oxide Booster 2250 mg;Nutricost;US;SXM;Óxido nítrico (arginina + citrulina);Cápsula;Frasco;90/180 cápsulas (3 caps = 2.250 mg);L-arginina 500 mg | L-arginina HCl 500 mg | Arginina AKG 500 mg | L-citrulina 375 mg | L-citrulina malato 375 mg;L-arginina (base+HCl+AKG) + L-citrulina (base+malato);Apoyo al flujo sanguíneo, bombeo y rendimiento.;Nitric Oxide Booster Capsules - 2250mg per Serving;17.02;21197;147955;319527.59;3314672.4;4.5;10515;1731287983774143476;https://echosell-images.tos-ap-southeast-1.volces.com/product-cover/816/1731287983774143476_0.webp;TikTok Shop US vía Ecom Magic;21.197 uds en 30 días (5.842 en 7 días): el booster de óxido nítrico más vendido del momento.;Verde;Aminoácidos (L-arginina y L-citrulina) habituales en suplementos dietarios en Colombia.;"Registrar tal cual como 'L-arginina + L-citrulina'; comunicar 'circulación, energía y rendimiento físico', sin alusión sexual.";"Puente SXM/ENE. Fórmula muy barata y escalable; misma base sirve para gomitas o polvo.";productos_sexual_prostata.json;
7-in-1 Nitric Oxide Booster Gummies;Newcore;US;SXM;Gomita multiingrediente masculina;Gomita;Frasco;60 gomitas / 30 porciones;Maca | L-arginina | Ashwagandha | Epimedium (horny goat weed) | Shilajit | Tongkat ali | Remolacha;Maca + L-arginina + ashwagandha + epimedium + shilajit + tongkat ali + remolacha en gomita;Flujo sanguíneo, energía y resistencia.;Gummy for Blood Flow, Energy & Stamina Support;25.87;283;33249;6549.97;588010.26;4.2;2928;1731229616503820808;https://echosell-images.tos-ap-southeast-1.volces.com/product-cover/380/1731229616503820808_0.webp;TikTok Shop US vía Ecom Magic;33.249 uds en este listing y 16.702 en otro listing de la misma marca (~50 k uds en total).;Amarillo;"Epimedium, tongkat y shilajit son botánicos de uso 'potenciador' y podrían clasificarse como fitoterapéuticos; claim de flujo sanguíneo sexualizado.";Gomita maca + L-arginina + remolacha + zinc + vitamina B12 ('energía y circulación'). En Colombia no se permiten claims sexuales/hormonales en suplementos: comunicar como 'vitalidad masculina', 'energía y resistencia diaria'.;Tipología 'gomita masculina todo en uno' muy repetida en TikTok (Massive, Biobor, Lemme Play).;productos_sexual_prostata.json;
Cardio Energy Duo Liquid Drops (Vascu Glow + Alpha Roots);Clean Nutraceuticals;US;SXM;Gotas masculinas circulación + energía;Gotas;Gotero;2 goteros (duo);Pimienta de cayena | Espino blanco (hawthorn) | Tongkat ali | Shilajit;Gotas: tongkat ali + shilajit (Alpha Roots) + cayena + espino blanco (Vascu Glow);Energía diaria y apoyo circulatorio.;for Blood Flow & Daily Stamina Liquid Drops;74.71;377;14605;24732.08;1053457.85;4.3;967;1731084110712181268;https://echosell-images.tos-ap-southeast-1.volces.com/product-cover/134/1731084110712181268_0.webp;TikTok Shop US vía Ecom Magic;14.605 uds y USD 1,05 M GMV histórico en formato gotas.;Amarillo;"Espino blanco (cardiotónico) y tongkat ali probablemente fitoterapéuticos en Colombia; extractos líquidos alcohólicos requieren revisión.";Gotas de extracto de maca + ginseng + vitamina B12 en glicerina (sin alcohol), sin espino blanco. En Colombia no se permiten claims sexuales/hormonales en suplementos: comunicar como 'vitalidad masculina', 'energía y resistencia diaria'.;Precio = duo (min USD 39,18).;productos_sexual_prostata.json;
MASSIVE Gummies for Men;Massive (genérica);US;SXM;Gomita 'male enhancement';Gomita;Frasco;60 gomitas;Maca | Ashwagandha | Epimedium (horny goat weed) | Saw palmetto | L-arginina | Multivitamínico;Maca + ashwagandha + epimedium + saw palmetto + L-arginina + multivitamínico en gomita;Vitalidad masculina (se vende con claim de 'tamaño').;Increase Testosterone Level / Massive Girth;37.01;0;4733;0;88188.59;3.9;389;1730972268694901105;https://echosell-images.tos-ap-southeast-1.volces.com/product-cover/438/1730972268694901105_0.webp;TikTok Shop US vía Ecom Magic;"4.733 uds; clon VTMGO 'Massive Girth Gummies' con 1.311 uds.";Rojo;"Claim de agrandamiento ('girth') imposible e ilegal; la categoría 'male enhancement' tiene alto riesgo de adulteración con sildenafil/tadalafil ocultos (alertas FDA), aunque la etiqueta no lo declare.";"No replicar el concepto; si acaso, una gomita de maca + L-arginina + zinc comunicada como 'vitalidad masculina'.";"Ejemplo de riesgo. En TikTok Shop US casi no aparecen 'male enhancement pills' con sildenafil (la plataforma los bloquea); los productos con PDE5 ocultos circulan sobre todo en tiendas físicas o en Amazon y Mercado Libre.";productos_sexual_prostata.json;
Selerb NAD+ Suplemento para Hombres;Selerb;MX;SXM;NAD+ masculino energía/circulación;Cápsula;Frasco;60 cápsulas;NAD+ liposomal | CoQ10 | L-carnitina | L-arginina | L-citrulina | Resveratrol | Saw palmetto | Licopeno | Cúrcuma | Maca | Ashwagandha KSM-66;NAD+ + CoQ10 + L-carnitina + L-arginina/citrulina + resveratrol + saw palmetto + maca + ashwagandha;Energía celular, circulación y bienestar masculino 40+.;Soporte de Energía, Circulación y Próstata;69.81;2072;22660;94052.8;948735.37;4.6;1649;1733212811552327361;https://echosell-images.tos-ap-southeast-1.volces.com/product-cover/579/1733212811552327361_0.webp;TikTok Shop MX vía Ecom Magic;"Top 1 en las búsquedas 'próstata' y 'maca' de TikTok Shop MX: 2.072 uds y USD 94 k en 30 días; 1,1 M de vistas al mes.";Amarillo;"NAD+ y saw palmetto no son ingredientes estándar de suplemento en Colombia; claim de próstata terapéutico.";"Cápsula 'energía 40+': CoQ10 + L-carnitina + L-arginina + licopeno + zinc + maca (sin NAD+ ni saw palmetto); comunicar 'vitalidad y energía masculina'.";Precio reportado por la herramienta en USD (rango USD 29,79-109,82 según pack). Hay 2 listings clon más (5.371 y 1.618 uds).;productos_sexual_prostata.json;Sí
Suplemento para Hombres Maca, Shilajit, Sea Moss, L-Arginina;Genérica (Hecho en EE. UU.);MX;SXM;Complejo masculino vitalidad;Cápsula;Frasco;60 cápsulas;Maca | Ashwagandha | Musgo marino | Shilajit | L-arginina | L-citrulina;Maca + ashwagandha + musgo marino + shilajit + L-arginina + L-citrulina;Vitalidad, energía y bienestar diario masculino.;Vitalidad, Energía y Bienestar Diario;59.64;1014;39093;32459.7;973969.77;4.7;2763;1732010750486873997;https://echosell-images.tos-ap-southeast-1.volces.com/product-cover/397/1732010750486873997_0.webp;TikTok Shop MX vía Ecom Magic;"39.093 uds y USD 974 k históricos; 1.014 uds en 30 días en TikTok Shop MX.";Amarillo;"Shilajit y ashwagandha delicados; maca, arginina, citrulina y musgo marino son ingredientes comunes.";Cápsula maca + L-arginina + L-citrulina + musgo marino + zinc (sin shilajit ni ashwagandha si INVIMA objeta). En Colombia no se permiten claims sexuales/hormonales en suplementos: comunicar como 'vitalidad masculina', 'energía y resistencia diaria'.;Precio en USD según la herramienta (rango USD 33,11-86,17). La misma tienda vende 'Shilajit + Maca + Tribulus + Omega-3 + aceite negro' en 100 cápsulas (18.707 uds).;productos_sexual_prostata.json;Sí
TES70 Hombres Precursor 10 ingredientes;Beyond Vitamins (tienda);MX;SXM;Precursor masculino maca negra;Cápsula;Frasco;180 cápsulas (también en 60);Maca negra | Fenogreco | Creatina | L-arginina | Cúrcuma | Zinc;Maca negra + fenogreco + creatina + L-arginina + cúrcuma + zinc;Rendimiento físico y vitalidad masculina.;Precursor con 10 ingredientes | sin rellenos;31.5;166;105575;3208.1;1124777.78;4.8;538;1731735792135867074;https://echosell-images.tos-ap-southeast-1.volces.com/product-cover/972/1731735792135867074_0.webp;TikTok Shop MX vía Ecom Magic;105.575 uds (180 caps) + 114.268 uds (60 caps): más de 219 k uds totales en TikTok Shop MX.;Verde;"Maca, fenogreco, creatina, arginina, cúrcuma y zinc son ingredientes habituales de suplemento; solo hay que evitar 'precursor de testosterona'.";"Registrar tal cual como 'maca negra + creatina + L-arginina + fenogreco + zinc'; nombre comercial sin 'testo'. En Colombia no se permiten claims sexuales/hormonales en suplementos: comunicar como 'vitalidad masculina', 'energía y resistencia diaria'.";Ventas 30d bajas vs histórico (ciclo de pico pasado).;productos_sexual_prostata.json;
Maca Negra Peruana Orgánica 1000 mg;Beyond Vitamins;MX;SXM;Maca negra monoingrediente;Cápsula;Frasco;60 cápsulas;Maca negra orgánica 1000 mg por porción;Maca negra (Lepidium meyenii) monoingrediente;Energía y vitalidad.;1000 mg de Maca Negra Peruana Orgánica | Sin Azúcar;18.07;322;125182;3543.46;1412184.65;4.7;1937;1731735314086070978;https://echosell-images.tos-ap-southeast-1.volces.com/product-cover/222/1731735314086070978_0.webp;TikTok Shop MX vía Ecom Magic;"125.182 uds y USD 1,41 M históricos; 22 M de vistas totales en TikTok Shop MX.";Verde;La maca es un ingrediente alimentario/suplemento común en Colombia en dosis de 1 g.;"Registrar como 'maca negra 1000 mg'; comunicar 'energía y vitalidad' (sirve para hombre y mujer). Variante: blend de maca amarilla, negra y roja (100.279 uds).";El mismo vendedor tiene Maca Blend (amarilla+negra+roja) con 100.279 uds. 'B Life Black Maca' muestra 100.018 uds pero solo 1 reseña (dato dudoso).;productos_sexual_prostata.json;Sí
Gominolas de Shilajit del Himalaya 3000 mg;Genérica (estilo Be Bodywise);MX;SXM;Gomita shilajit + ashwagandha + gokshura;Gomita;Frasco;60 gomitas sin azúcar añadido;Shilajit (ácido fúlvico) | Ashwagandha | Gokshura (Tribulus terrestris);Shilajit + ashwagandha + gokshura (tribulus) en gomita sin azúcar;Energía, fuerza y resistencia para hombres y mujeres.;Suplemento Natural para Hombres y Mujeres (3000 mg);32.58;186;27555;5976.52;839924.25;4.4;2139;1731738160089041630;https://echosell-images.tos-ap-southeast-1.volces.com/product-cover/316/1731738160089041630_0.webp;TikTok Shop MX vía Ecom Magic;"27.555 uds en MX; misma fórmula que Be Bodywise Shilajit Gummies US (441.744 uds, USD 16,4 M GMV).";Amarillo;Shilajit, ashwagandha y tribulus son botánicos que podrían requerir clasificación fitoterapéutica en Colombia.;"Gomita shilajit (dosis baja) + maca + zinc + vitamina B6; quitar tribulus si INVIMA objeta. En Colombia no se permiten claims sexuales/hormonales en suplementos: comunicar como 'vitalidad masculina', 'energía y resistencia diaria'.";"Be Bodywise US (id 1729450264557162585): 3000 mg con KSM-66, gokshura, azafrán y black musli; 807 uds en 30 días. Variante MX 'Gominolas de Oro': 6.764 uds.";productos_sexual_prostata.json;Sí
MMQ Complejo de Testosterona;MMQ;MX;SXM;Tongkat + epimedium + citrulina;Cápsula;Frasco;60 cápsulas;Tongkat ali | Epimedium (horny goat weed) | L-citrulina;Tongkat ali + epimedium + L-citrulina;Fuerza, vitalidad y resistencia masculina.;Apoya Testosterona, Fuerza, Vitalidad y Resistencia;24.35;297;3781;2639.13;41896.96;4.7;370;1733169820053768008;https://echosell-images.tos-ap-southeast-1.volces.com/product-cover/997/1733169820053768008_0.webp;TikTok Shop MX vía Ecom Magic;Líder de la búsqueda 'testosterona' en TikTok Shop MX: 3.781 uds y 297 en 30 días.;Amarillo;"Epimedium y tongkat ali son botánicos con uso 'potenciador'; no son de suplemento estándar en Colombia y llevan claim hormonal.";Cápsula L-citrulina + L-arginina + maca + zinc. En Colombia no se permiten claims sexuales/hormonales en suplementos: comunicar como 'vitalidad masculina', 'energía y resistencia diaria'.;'Potenciador masculino' en MX = 0 resultados en TikTok Shop (categoría restringida). La categoría masculina en MX es pequeña frente a US.;productos_sexual_prostata.json;
Her Juicy Feminine Probiotics Gummies;LEEFAR;US;SXF;Probiótico vaginal + olmo resbaladizo (pH/sequedad);Gomita;Frasco;60 gomitas (2 por porción);Mezcla probiótica 5.000 M UFC (L. acidophilus, L. rhamnosus, L. reuteri, L. fermentum) | Olmo resbaladizo (slippery elm) | XOS prebiótico;Probióticos Lactobacillus (acidophilus+rhamnosus+reuteri+fermentum) + olmo resbaladizo + prebiótico XOS en gomita;Equilibrio del pH íntimo, flora vaginal y confort/humectación.;Women’s pH Balance and Dryness;18.99;21484;595472;330707.15;7862607.98;4.6;52898;1729698659696480903;https://echosell-images.tos-ap-southeast-1.volces.com/product-cover/623/1729698659696480903_0.webp;TikTok Shop US vía Ecom Magic;"595.472 uds totales en el listing principal; otro listing vende 24.109 uds en 30 días. Más de 1,2 M uds sumando todos los listings.";Verde;"Probióticos Lactobacillus y prebióticos son ingredientes típicos de suplemento; el olmo resbaladizo es un botánico de bajo riesgo (verificar).";"Gomita probiótica + inulina/XOS (+ arándano); comunicar 'bienestar íntimo femenino y flora', no 'trata vaginosis/olor'.";Producto #1 de salud íntima en TikTok. Clones: Slippery Kitty (90.597 uds), genérico 'Feminine Probiotics Gummies' (80.142 uds). Gomita probiótica: hay que validar viabilidad (Bacillus coagulans es más estable).;productos_sexual_prostata.json;
Vaginal Probiotic with Cranberry;Physician's Choice;US;SXF;Probiótico vaginal + arándano;Cápsula;Frasco;Cápsulas (30-60);Probióticos Lactobacillus (cepas vaginales) | Extracto de arándano | Prebióticos;Probióticos Lactobacillus + extracto de arándano + prebiótico en cápsula;Control de olor, pH íntimo y salud femenina diaria.;Odor Control, pH Balance & Daily Feminine Health Support;54.97;5697;330948;313164.09;11090201.62;4.6;42765;1729440995221607410;https://echosell-images.tos-ap-southeast-1.volces.com/product-cover/427/1729440995221607410_0.webp;TikTok Shop US vía Ecom Magic;"330.948 uds y USD 11,1 M GMV histórico; 5.697 uds en 30 días.";Verde;Probióticos, arándano y prebióticos son ingredientes típicos de suplemento dietario.;"Cápsula probiótica + arándano + inulina; evitar 'olor' o 'pH' como claim terapéutico y usar 'bienestar íntimo'.";Precio = pack (min USD 38,47). La misma marca tiene Women's Probiotic 50B + arándano (26.725 uds).;productos_sexual_prostata.json;
HerAuré Probiotics for Women 7B CFU;HerAuré;US;SXF;Probiótico femenino + hongos + arándano;Cápsula;Frasco;60 cápsulas;Probióticos 7.000 M UFC | Prebiótico | Mezcla de 7 hongos | Extracto de arándano | Piña;Probióticos 7B UFC + prebiótico + mezcla de hongos + arándano + piña;Flora íntima, pH y control de olor.;pH Balance, Odor Control, Flora Health;56.54;3046;78849;170285.7;3162858.72;4.6;7722;1731093787642729379;https://echosell-images.tos-ap-southeast-1.volces.com/product-cover/795/1731093787642729379_0.webp;TikTok Shop US vía Ecom Magic;"78.849 uds y USD 3,16 M desde mayo de 2025; 3.046 uds en 30 días.";Verde;"Probióticos, arándano y polvo de piña son ingredientes de suplemento; los hongos (reishi, etc.) son comunes.";"Misma base que Physician's Choice; los hongos y la piña son opcionales como diferencial.";Precio = pack (min USD 25,99).;productos_sexual_prostata.json;
Perfect pH Feminine Probiotic Gummies;CBB;US;SXF;Gomita probiótica Bacillus coagulans;Gomita;Frasco;60 gomitas sin gelatina;Bacillus coagulans | Vitaminas;Bacillus coagulans + vitaminas en gomita sin gelatina;pH y salud vaginal diaria.;Women’s Daily pH & Vaginal Health Support;29.99;1592;56159;31009.12;676499.61;4.5;5071;1731019605017530997;https://echosell-images.tos-ap-southeast-1.volces.com/product-cover/812/1731019605017530997_0.webp;TikTok Shop US vía Ecom Magic;"56.159 uds; 63 M de vistas totales.";Verde;Bacillus coagulans es un probiótico esporulado aceptado y estable en gomita.;Gomita B. coagulans + arándano + vitamina C: la opción más estable para registrar la gomita probiótica íntima.;Mejor vehículo técnico que los Lactobacillus en gomita.;productos_sexual_prostata.json;
SHE-Lajit Women Multi-Mineral Honey Sticks;BetterAlt;US;SXF;Shilajit femenino + shatavari;Sachet/Stick;Caja con sachets;30 sticks de miel;Shilajit | Shatavari | Azafrán | Miel;Shilajit + shatavari + azafrán en miel (stick);Energía y equilibrio hormonal femenino.;Hormonal Balance & Energy;149.97;981;141801;117327.31;6272288.31;3.7;11184;1731111940248670854;https://echosell-images.tos-ap-southeast-1.volces.com/product-cover/298/1731111940248670854_0.webp;TikTok Shop US vía Ecom Magic;141.801 uds y USD 6,27 M desde mayo de 2025.;Amarillo;"Shilajit y shatavari (ayurvédico) no son ingredientes habituales; claim hormonal no permitido.";"Stick de miel + maca + azafrán + hierro/B12 ('energía femenina'); shilajit/shatavari solo con aval de SALA.";Precio = pack (min USD 49,99). Mismo vehículo que GOLD+ honey sticks (comparte maquila).;productos_sexual_prostata.json;
Lemme Play Daily Intimacy Gummies;Lemme;US;SXF;Libido femenina gomita;Gomita;Frasco;60 gomitas sabor cereza;Ashwagandha KSM-66 | Maca | Epimedium (horny goat weed);Ashwagandha + maca + epimedium en gomita;Deseo, ánimo e intimidad femenina.;Daily Intimacy Gummies — Nitric Oxide & Blood Flow Support;39.0;855;28118;32157;822210.9;3.8;1176;1731161547079848807;https://echosell-images.tos-ap-southeast-1.volces.com/product-cover/443/1731161547079848807_0.webp;TikTok Shop US vía Ecom Magic;28.118 uds y USD 822 k: la gomita de libido femenina con más ventas en TikTok Shop US (la búsqueda 'female libido' no tiene otro producto con más de 100 uds).;Amarillo;"Epimedium y ashwagandha delicados; el claim de intimidad o libido no está permitido en suplementos.";Gomita maca roja + L-arginina + zinc + B6 comunicada como 'bienestar y energía femenina'.;Dosis no confirmadas. Gomita KSM-66 + maca roja 4.050 mg (genérica) también existe, con pocas ventas.;productos_sexual_prostata.json;
Hormonal Balance & Menopause Support (DIM + Chaste Tree + Siberian Rhubarb);No identificada;US;SXF;Menopausia/perimenopausia DIM + vitex;Cápsula;Frasco;30 porciones;DIM (diindolilmetano) | Sauzgatillo (chaste tree/vitex) | Ruibarbo siberiano (ERr 731);DIM + sauzgatillo (vitex) + ruibarbo siberiano;Síntomas de menopausia: bochornos, sudores nocturnos y ánimo.;Hot Flashes, Night Sweats, Mood Changes, Low Energy & Insomnia support;83.75;456;8508;37001.23;625358.5;4.6;708;1730044630675591694;https://echosell-images.tos-ap-southeast-1.volces.com/product-cover/210/1730044630675591694_0.webp;TikTok Shop US vía Ecom Magic;"Menopausia #1 por GMV en 30 días en TikTok Shop US (USD 37 k; 8.508 uds históricas).";Amarillo;"Vitex y ruibarbo siberiano son fitoterapéuticos con acción hormonal; el DIM tiene límites. Claim de bochornos es terapéutico.";Cápsula 'mujer 40+': isoflavonas de soya + magnesio + vitamina D + B6 + calcio, comunicada como 'bienestar en la etapa de la menopausia'.;"Precio = pack (min USD 50,64). Vehículo inferido (cápsula) del listing; marca no visible en los datos.";productos_sexual_prostata.json;
MENO Menopause Vitamins;O Positiv;US;SXF;Menopausia cimicífuga + KSM-66;Cápsula;Frasco;60 cápsulas / 30 porciones;Ashwagandha KSM-66 150 mg | Cimicífuga (black cohosh) 40 mg | Sauzgatillo 40 mg | Vitamina D 15 mcg | Vitamina B6 2 mg;Cimicífuga + ashwagandha + sauzgatillo + vitamina D + B6;Alivio de bochornos, sudores nocturnos y cambios de ánimo.;Helps Alleviate Hot Flashes, Night Sweats, & Mood Swings;42.99;117;11543;5385.87;361755.96;4.7;1280;1729398425884922582;https://echosell-images.tos-ap-southeast-1.volces.com/product-cover/696/1729398425884922582_0.webp;TikTok Shop US vía Ecom Magic;11.543 uds en cápsula y 6.951 en gomita (MENO Gummies): la marca de menopausia más vendida en TikTok Shop.;Amarillo;"La cimicífuga (black cohosh) y el sauzgatillo son fitoterapéuticos en Colombia; la ashwagandha es delicada.";"Versión suplemento con isoflavonas de soya + magnesio + vitamina D + B6 + calcio; la cimicífuga solo como fitoterapéutico aparte.";Versión gomita: id 1729398425932370646 (6.951 uds).;productos_sexual_prostata.json;
Gynable Myo & D-Chiro Inositol Drink Mix;Gynable;US;SXF;Inositol 40:1 (SOP/ciclo);Sachet/Stick;Caja con sachets;20-30 sachets sabor durazno;Myo-inositol | D-chiro-inositol (ratio 40:1) | Ácido fólico;Myo-inositol + D-chiro-inositol 40:1 (+ ácido fólico) en polvo/sachet;Regularidad del ciclo y equilibrio hormonal (SOP).;Myo-Inositol D-Chiro Supplement for PCOS;;;54500;;;4.6;;1732071803240878381;;WebSearch: https://shop.tiktok.com/us/pdp/gynable-inositol-supplement-for-women-20-packets-vegan-non-gmo/1732071803240878381;"54,5 k uds en TikTok Shop US (Gold Star Seller) según el listing. Peach Perfect Inositol (132,5 k) y Zoyava Hormones & Cycle (myo + D-chiro + berberina + vitex + DIM; '1,1 M vendidos') son otros líderes del segmento.";Verde;"Myo-inositol y ácido fólico son ingredientes nutricionales de suplemento; solo hay que evitar el claim 'SOP/fertilidad'.";"Sachet myo-inositol 2 g + D-chiro 50 mg + ácido fólico 200 mcg + vitamina D; comunicar 'bienestar femenino y ciclo'.";"Sin datos de la herramienta (la búsqueda 'myo inositol' no lo trajo); dato de WebSearch. En TikTok, Natifi (6.128 uds) y Myo+D-chiro microbeadlet (6.112 uds) sí aparecen.";productos_sexual_prostata.json;
Inositol Myo y D-Chiro con Ácido Fólico, Hierro y Arándano;Oby;MX;SXF;Inositol + folato + hierro;Cápsula;Frasco;60 cápsulas (701 mg por porción);Myo-inositol | D-chiro-inositol | Ácido fólico | Hierro | Extracto de arándano;Myo-inositol + D-chiro-inositol + ácido fólico + hierro + arándano;Ciclo menstrual regular y bienestar hormonal femenino.;Inositol Myo y D-Chiro | 701 mg por porción;31.23;20;50436;517.71;1146264.29;4.9;50;1731641647204632272;https://echosell-images.tos-ap-southeast-1.volces.com/product-cover/676/1731641647204632272_0.webp;TikTok Shop MX vía Ecom Magic;50.436 uds y USD 1,15 M históricos en TikTok Shop MX (solo 50 reseñas: posible venta vía Shop Ads/afiliados).;Amarillo;El inositol es aceptado, pero el hierro tiene límites de dosis y advertencias en Colombia.;"Myo + D-chiro + folato + arándano; hierro en dosis dentro del límite (o retirarlo).";Ratio ventas/reseñas atípico: verificar.;productos_sexual_prostata.json;
Cápsulas Probióticas para la Mujer con Arándano Rojo;Genérica;MX;SXF;Probiótico íntimo + arándano;Cápsula;Frasco;Cápsulas (frasco);Probióticos | Extracto de arándano rojo;Probióticos Lactobacillus + extracto de arándano rojo;Equilibrio del pH, control de olor y bienestar femenino.;Control del Olor con Extracto de Arándano Rojo | Equilibrio del pH;25.45;0;35491;0;1174544.79;4.7;2223;1732181256191903952;https://echosell-images.tos-ap-southeast-1.volces.com/product-cover/843/1732181256191903952_0.jpeg;TikTok Shop MX vía Ecom Magic;"35.491 uds y USD 1,17 M; 104 k vistas en 7 días y 5,5 M en 30 días (relanzándose).";Verde;Probióticos y arándano son ingredientes típicos de suplemento.;"Igual a la fórmula base probiótico + arándano; comunicar 'bienestar íntimo'.";Precio en USD según la herramienta (rango USD 10,80-39,01). Misma tienda: Orégano + Semilla Negra + Probióticos con arándano (8.590 uds). Windboss probióticos 32 cepas + arándano: 13.190 uds, 1.331 en 30 días.;productos_sexual_prostata.json;
VivoNu Gomitas Probióticas para Mujer;VivoNu;MX;SXF;Gomita probiótica femenina + arándano;Gomita;Frasco;60 gomitas;Probióticos 5.000 M UFC | Prebióticos | Arándano rojo;Probióticos 5B UFC + prebióticos + arándano rojo en gomita;Bienestar femenino e intestinal.;Apoyo al Bienestar Femenino e Intestinal;8.17;1233;9930;35448.02;283908.22;4.8;1147;1732215162375144656;https://echosell-images.tos-ap-southeast-1.volces.com/product-cover/517/1732215162375144656_0.webp;TikTok Shop MX vía Ecom Magic;1.233 uds en 30 días (604 en 7 días, en tendencia al alza) en TikTok Shop MX.;Verde;Probióticos, prebióticos y arándano son ingredientes habituales de suplemento.;Gomita probiótica (B. coagulans) + inulina + arándano.;salePrice reportado 151,22 (parece MXN): se convirtió a USD 8,17 con 18,5. El GMV es el reportado por la herramienta (moneda ambigua). En US, VivoNu vende Cranberry Probiotic Gummies (40.054 uds).;productos_sexual_prostata.json;
Isoflavonas 160 mg con Myo-Inositol;Saisa Herbal;MX;SXF;Menopausia isoflavonas + inositol;Cápsula;Frasco;60 cápsulas;Isoflavonas de soya 160 mg | Myo-inositol;Isoflavonas de soya + myo-inositol;Bienestar en la menopausia y el ciclo menstrual.;Mujer | Ciclo Menstrual | Menopausia;11.0;0;5050;0;610.94;4.9;12;1734958894687421577;https://echosell-images.tos-ap-southeast-1.volces.com/product-cover/455/1734958894687421577_0.webp;TikTok Shop MX vía Ecom Magic;Producto de menopausia con más uds en la búsqueda 'menopausia' de TikTok Shop MX (5.050), aunque la categoría en MX es muy pequeña.;Amarillo;"Las isoflavonas de soya tienen límites de dosis y advertencias; 160 mg es una dosis alta.";"Isoflavonas (≤80 mg) + myo-inositol + magnesio + vitamina D + B6; comunicar 'mujer 40+'.";Dato de GMV inconsistente con las uds (la herramienta reporta USD 610,94 de GMV total). Menopausia en MX tiene muy poco volumen: WindBoss DIM 275 mg, 436 uds.;productos_sexual_prostata.json;
Prostate Health (Saw Palmetto & Turmeric);Snap Supplements;US;PRO;Saw palmetto + hongos + antioxidantes;Cápsula;Frasco;90 cápsulas veganas;Mezcla de hongos maitake + reishi 2000 mg | Saw palmetto 45% ácidos grasos + ortiga + fitoesteroles (beta-sitosterol) 600 mg | Cúrcuma 95% + té verde EGCG + licopeno 500 mg | Zinc | Selenio | Cobre | Magnesio | Vitamina C;Saw palmetto + beta-sitosterol + ortiga + hongos (maitake/reishi) + cúrcuma + té verde + licopeno + zinc + selenio;Salud prostática y del tracto urinario masculino.;Natural Prostate Supplement for Men - Urinary Tract Health;101.85;1202;53740;122423.7;4111824.84;4.5;3360;1729410922408547298;https://echosell-images.tos-ap-southeast-1.volces.com/product-cover/830/1729410922408547298_0.webp;TikTok Shop US vía Ecom Magic;"Próstata #1 de TikTok Shop US: 53.740 uds; además, los bundles Snap Próstata + Óxido Nítrico suman más de 435 k uds (USD 17 M).";Amarillo;"Saw palmetto y ortiga son fitoterapéuticos en Colombia; el claim 'próstata' es terapéutico y no se permite en suplementos.";"Cápsula de licopeno + zinc + selenio + semilla de calabaza + té verde + vitamina E, comunicada como 'bienestar masculino 40+'; el saw palmetto iría aparte como fitoterapéutico.";Precio = pack (min USD 33,95).;productos_sexual_prostata.json;
Prostate Health & Nitric Oxide Chews;Snap Supplements;US;PRO;Gomita próstata + óxido nítrico;Gomita;Frasco;60 soft chews x 2 (bundle);Próstata: fitoesteroles (beta-sitosterol) | Reishi | Ortiga | Granada | Zinc | Selenio | Vitamina C | NO: extracto de remolacha | Açaí | CoQ10 | Niacina | Vitamina B12;Beta-sitosterol + ortiga + reishi + granada + zinc + selenio (chew próstata) + remolacha + CoQ10 + açaí + B12 (chew NO);Función urinaria y flujo sanguíneo masculino.;Urinary & Bladder Function - Supports Blood Flow & Energy;100.0;9086;81423;908600;7411311.65;4.4;5624;1732153729843303394;https://echosell-images.tos-ap-southeast-1.volces.com/product-cover/965/1732153729843303394_0.webp;TikTok Shop US vía Ecom Magic;Lanzado en enero de 2026: 9.086 uds y USD 908.600 en 30 días (2.012 uds en 7 días), 2.144 videos en 30 días.;Amarillo;"Ortiga y beta-sitosterol con claim urinario o prostático son de corte fitoterapéutico; remolacha, CoQ10, zinc y selenio son aceptados.";Gomita con remolacha + licopeno + zinc + selenio + CoQ10 + vitamina C, comunicada como 'vitalidad y circulación masculina'.;El crecimiento más explosivo de la categoría PRO/SXM en 2026. Precio = bundle de 2 frascos.;productos_sexual_prostata.json;
Suplemento Hombres Próstata y Circulación (Saw Palmetto, L-Arginina, Maca, Zinc);Genérica;MX;PRO;Saw palmetto + arginina + maca;Cápsula;Frasco;Paquete 2 frascos;Saw palmetto | L-arginina | Maca | Zinc;Saw palmetto + L-arginina + maca + zinc;Próstata, circulación y vitalidad masculina.;Soporte para Próstata y Circulación;33.29;0;1570;0;53468.26;4.5;114;1731558462677943494;https://echosell-images.tos-ap-southeast-1.volces.com/product-cover/529/1731558462677943494_0.jpeg;TikTok Shop MX vía Ecom Magic;Segundo en la búsqueda 'próstata' de TikTok Shop MX: 1.570 uds (1,17 M de vistas totales).;Amarillo;"El saw palmetto es fitoterapéutico en Colombia; el claim de próstata es terapéutico.";"Cápsula de semilla de calabaza + L-arginina + maca + zinc + licopeno; comunicar 'bienestar masculino'.";"Categoría próstata en MX con poco volumen. Hallprost (pygeum, calabaza, zinc, licopeno, vitamina E): 277 uds; Saisa saw palmetto: 1.026 uds; Uroxel L-arginina: 598 uds.";productos_sexual_prostata.json;Sí
Uro Collagen Powder Sachet with Cranberry;Gynable;US;PRO;Vías urinarias femeninas: colágeno + arándano;Sachet/Stick;Caja con sachets;30 sachets (30 días);Colágeno | Arándano | Magnesio 56 mg;Colágeno + arándano + magnesio en sachet sin azúcar;Suelo pélvico, control de vejiga y prevención urinaria en la mujer.;Postpartum Pelvic Floor Strength - Bladder Control, UTI Defense;;340;4328;63574.08;693870.9;4.6;343;1730830555420135792;https://echosell-images.tos-ap-southeast-1.volces.com/product-cover/1012/1730830555420135792_0.webp;TikTok Shop US vía Ecom Magic;"4.328 uds y USD 694 k (ticket alto); 340 uds en 30 días.";Verde;"Colágeno, arándano y magnesio son ingredientes de suplemento; solo el claim 'UTI defense' es terapéutico.";"Sachet colágeno + arándano (PAC) + magnesio + vitamina C; comunicar 'bienestar urinario y del suelo pélvico femenino'.";"salePrice reportado USD 233,34 (pack multi-caja; min USD 77,78): no confiable, por eso precio_usd=null.";productos_sexual_prostata.json;
Magnesium Complex 8;Toplux;US;SUE;Magnesio complejo;Cápsula;Frasco;90 cápsulas (45 porciones de 2);Complejo de magnesio 1000 mg/porción (8 formas: glicinato, bisglicinato, malato, L-treonato, taurato, citrato, aspartato, óxido) ~400 mg Mg elemental;Magnesio complejo multiforma (glicinato+citrato+malato+taurato+óxido+L-treonato/aspartato);Apoya sueño, relajación muscular, energía y función cognitiva con 8 formas de magnesio.;8 Essential Magnesium Supplement – sleep, muscle recovery, energy, focus;29.97;108755;2129725;2555549.36;52830693.15;4.6;168349;1729448464509734958;https://echosell-images.tos-ap-southeast-1.volces.com/product-cover/837/1729448464509734958_0.webp;TikTok Shop US vía Ecom Magic;"108.755 unidades en 30 días y 2,13 M totales (GMV $52,8 M); #2 TikTok Shop US Q1 y Q2 2026 según FastMoss ($14,23 M en Q2).";Verde;Solo sales de magnesio, mineral típico de suplemento dietario.;"Registrar tal cual como 'Magnesio complejo' (4-8 sales) en cápsula; es la fórmula más replicable para varias marcas.";"Listing #1 de la categoría; existe también bundle 3-pack (no incluido).";productos_sueno_energia.json;
Magnesium Complex 1000mg 7 Elemental;Marca no identificada (listing genérico);US;SUE;Magnesio complejo;Cápsula;Frasco;90 cápsulas;Complejo de magnesio 1000 mg (7 formas: glicinato, citrato, malato, taurato, óxido, aspartato, orotato);Magnesio complejo multiforma (glicinato+citrato+malato+taurato+óxido+L-treonato/aspartato);Magnesio de alta absorción para músculos, huesos, recuperación y relajación.;Magnesium Complex 1000mg Made with 7 Elemental Magnesium;49.97;11782;390258;404482.46;11784507.61;4.5;33750;1729734194760618825;https://echosell-images.tos-ap-southeast-1.volces.com/product-cover/82/1729734194760618825_0.webp;TikTok Shop US vía Ecom Magic;390.258 unidades totales (GMV $11,8 M) y 11.782 en 30 días.;Verde;Solo sales de magnesio.;Misma fórmula base que Toplux: puede ir bajo el mismo registro de 'Magnesio complejo' en cápsula.;"Hay muchos clones '7 elemental 1000mg' (Genggui, Sersanve, Decent Nature, Royalee); marca del listing no visible en los datos.";productos_sueno_energia.json;
Magnesium Complex 20-in-1 for Women;Micro Ingredients;US;SUE;Magnesio complejo para mujer;Cápsula;Frasco;240 cápsulas (120 porciones);Magnesio 350 mg (glicinato, citrato, óxido, malato, taurato, carbonato, orotato, aspartato, lactato) | Vitamina D3 | Vitamina K2 | Complejo B metilado (folato 680 mcg DFE, B12 12 mcg, B6 1,7 mg) | Biotina 300 mcg | Inositol 10 mg | Ashwagandha 10 mg | Cetonas de frambuesa 5 mg;Magnesio complejo multiforma + vitaminas D3/K2 + complejo B + biotina + inositol (+ ashwagandha en dosis baja);Magnesio + vitaminas para energía, huesos, relajación y bienestar femenino.;20-in-1 Formula - Magnesium Blend with Vitamin D3, K2, Ashwagandha & More;26.95;38434;159275;999380.32;3959105.12;4.6;10172;1729482835128784557;https://echosell-images.tos-ap-southeast-1.volces.com/product-cover/898/1729482835128784557_0.webp;TikTok Shop US vía Ecom Magic;"38.434 unidades en 30 días (~$1 M GMV/mes) con solo 7 meses en tienda; 159.275 totales.";Amarillo;"Ashwagandha (aunque en 10 mg) y cetonas de frambuesa pueden requerir concepto/ajuste; resto vitaminas y minerales típicos.";"Quitar ashwagandha y cetonas de frambuesa; dejar Mg complejo + D3 + K2 + complejo B + biotina + inositol (Verde).";Muy fuerte en tendencia 2026 ('magnesio para mujer').;productos_sueno_energia.json;
1000mg Magnesium Complex 10 Elemental + Zinc;Viyouth;US;SUE;Magnesio complejo + zinc;Tableta;Frasco;Tabletas (cantidad no confirmada);Complejo de magnesio 1000 mg (10 formas, incl. glicinato) | Zinc;Magnesio complejo multiforma + zinc;"Calma, sueño y relajación; apoyo a cabello, digestión y balance de cortisol.";10 Elemental Magnesium Complex & Zinc for Calming Sleep & Relax;24.99;4492;112733;91768.66;2416160.94;4.5;7530;1729471653016408607;https://echosell-images.tos-ap-southeast-1.volces.com/product-cover/67/1729471653016408607_0.webp;TikTok Shop US vía Ecom Magic;"112.733 unidades totales (GMV $2,4 M); 4.492 en 30 días.";Verde;Minerales (magnesio y zinc) típicos de suplemento dietario.;"Misma base que magnesio complejo; versión en tableta (requiere registro distinto por forma farmacéutica).";Único formato tableta relevante encontrado en magnesio.;productos_sueno_energia.json;
MaxCalm Relaxing Drink Mix 453 g;Natural Vitality;US;SUE;Magnesio en polvo;Polvo;Tarro;453 g / 113 porciones;Magnesio iónico (citrato + glicinato) — dosis por porción no confirmada;Magnesio (citrato + glicinato) en polvo para bebida;Bebida anti-estrés de magnesio para relajación y descanso.;Anti Stress Drink Mix - With Ionic Magnesium Citrate + Glycinate;28.59;21868;262221;545737.03;5580563.77;4.6;32946;1730973956682585081;https://echosell-images.tos-ap-southeast-1.volces.com/product-cover/449/1730973956682585081_0.webp;TikTok Shop US vía Ecom Magic;"21.868 unidades en 30 días y 262.221 totales (GMV $5,6 M); #1 magnesio en polvo de TikTok según la marca.";Verde;Sales de magnesio en polvo, sin botánicos.;"Registrar 'Magnesio citrato + glicinato polvo para bebida' sabor frambuesa-limón; muy barato de fabricar.";"Existe versión MaxCalm en sobres con KSM-66 + L-teanina + D3 (31.010 uds; id 1731956760273785849) — equivale a la fórmula Nello.";productos_sueno_energia.json;
DeepCalm 14-in-1 Magnesium Gummies;VEV;US;SUE;Gomitas de magnesio + adaptógenos;Gomita;Frasco;90 gomitas;10 tipos de magnesio (citrato, glicinato...) | Ashwagandha | L-teanina | Vitamina D3 | Zinc;Magnesio complejo multiforma + ashwagandha + L-teanina + vitamina D3 + zinc;Calma, sueño y relajación sin azúcar.;14-in-1 Magnesium Citrate with Ashwagandha, L-Theanine, Vitamin D3 & Zinc, Sugar Free, Sleep Support;55.22;10620;251567;461209.35;8275762.7;4.7;26510;1730964753731195762;https://echosell-images.tos-ap-southeast-1.volces.com/product-cover/890/1730964753731195762_0.webp;TikTok Shop US vía Ecom Magic;251.567 unidades totales (GMV $8,3 M) y 10.620 en 30 días.;Amarillo;"Contiene ashwagandha (puede requerir clasificación fitoterapéutica/concepto); resto minerales y aminoácido.";Versión Verde: gomita de magnesio complejo + L-teanina + D3 + zinc sin ashwagandha (o con pasiflora/melisa si se acepta).;"Precio de lista $29,99 por frasco; precio medio incluye packs.";productos_sueno_energia.json;
17-in-1 Magnesium Gummies Melatonin-Free;BEVIX;US;SUE;Gomitas de magnesio + adaptógenos;Gomita;Frasco;Gomitas (cantidad no confirmada);12 formas de magnesio | Ashwagandha | L-teanina | Sin melatonina;Magnesio complejo multiforma + ashwagandha + L-teanina + vitamina D3 + zinc;Sueño y alivio del estrés sin melatonina.;Magnesium Gummies for Sleep & Stress Relief – Melatonin-Free;20.79;873;13457;16917.89;235041.36;4.7;909;1732053893332505465;https://echosell-images.tos-ap-southeast-1.volces.com/product-cover/546/1732053893332505465_0.webp;TikTok Shop US vía Ecom Magic;"13.457 unidades desde ene-2026; ventas 7d en alza (356 en 7 días).";Amarillo;"Ashwagandha; resto minerales y L-teanina.";"Igual que VEV: misma fórmula base; quitar ashwagandha para Verde.";Útil como referencia de precio bajo ($20,79).;productos_sueno_energia.json;
Nello Supercalm;Nello;US;SUE;Bebida calmante / cortisol;Sachet/Stick;Caja con sachets;20 sobres (también tarro 30 porciones);Ashwagandha KSM-66 300 mg | L-teanina (200-400 mg según fuente) | Magnesio glicinato 100 mg | Vitamina D3 1000 UI;Ashwagandha KSM-66 + L-teanina + magnesio glicinato + vitamina D3;Reduce el estrés ocasional, equilibra el cortisol y mejora ánimo y sueño.;Calming Drink Mix… Supports Cortisol Balance, Mood, Sleep;45.95;2109;871409;81811.59;138985546.6;4.5;40857;1729413027751104952;https://echosell-images.tos-ap-southeast-1.volces.com/product-cover/72/1729413027751104952_0.webp;TikTok Shop US vía Ecom Magic;"871.409 unidades totales y GMV $139 M (uno de los suplementos de mayor GMV histórico en TikTok Shop US); 49.090 creadores.";Amarillo;"Ashwagandha KSM-66 (posible fitoterapéutico); resto L-teanina, magnesio y D3 (suplemento).";Sobre en polvo con magnesio glicinato + L-teanina + D3 + melisa/manzanilla (Verde) o mantener ashwagandha si INVIMA la acepta en suplemento.;Dosis según reseñas web (wellnesspulse/openfoodfacts), sin etiqueta verificada. Ventas 30d bajas: producto maduro.;productos_sueno_energia.json;
Ashwagandha & Vitamin D Gummy;Goli;US;SUE;Ashwagandha;Gomita;Frasco;60 gomitas (30 porciones);Ashwagandha KSM-66 300 mg | Vitamina D2 25 mcg;Ashwagandha KSM-66 + vitamina D;Relajación, manejo del estrés y descanso.;Relax. Restore. Unwind. America's #1 Ashwagandha Brand;19.47;2644;1303503;46713.42;18004383.25;4.5;94541;1729527313880355335;https://echosell-images.tos-ap-southeast-1.volces.com/product-cover/566/1729527313880355335_0.webp;TikTok Shop US vía Ecom Magic;"1,3 M unidades totales (GMV $18 M) en el listing individual; +865 mil en el pack x3.";Amarillo;Ashwagandha como activo principal.;Si ashwagandha no pasa como suplemento: gomita de L-teanina + magnesio + D3 + melisa.;"Producto maduro; Goli también vende bundles (Trio con ACV) con 1 M+ unidades.";productos_sueno_energia.json;
LullaBites Sleep Gummies;LullaBites;US;SUE;Gomitas para dormir sin melatonina;Gomita;Frasco;60 gomitas (30 porciones);Magnesio glicinato | 5-HTP | L-teanina | Raíz de valeriana | Pasiflora | (dosis del listing: Mg 350 mg, 5-HTP 200 mg, L-teanina 200 mg, valeriana 600 mg, pasiflora 400 mg — sin verificar);Magnesio glicinato + L-teanina + valeriana + pasiflora + 5-HTP;Ayuda a conciliar el sueño sin melatonina.;Natural Sleep Gummies (Melatonin Free);51.99;15946;519924;783024.54;16927693.31;4.3;41776;1729437677372150295;https://echosell-images.tos-ap-southeast-1.volces.com/product-cover/315/1729437677372150295_0.webp;TikTok Shop US vía Ecom Magic;15.946 unidades en 30 días ($783 mil) y 519.924 totales (GMV $16,9 M).;Rojo;Contiene 5-HTP, que en Colombia probablemente se considera medicamento.;Quitar 5-HTP: gomita de magnesio glicinato + L-teanina + valeriana + pasiflora (valeriana/pasiflora pueden pedir concepto: Amarillo).;El gancho es 'sin melatonina', ideal para Colombia si se quita el 5-HTP.;productos_sueno_energia.json;
Lemme Sleep Gummies;Lemme;US;SUE;Gomitas para dormir con melatonina;Gomita;Frasco;60 gomitas (30 días);Melatonina 5 mg | Magnesio | L-teanina | Saúco | Manzanilla | Lavanda;Melatonina + magnesio + L-teanina + manzanilla + lavanda;Ayuda a dormir más rápido y descansar.;Sleep Gummies with 5mg Melatonin, Magnesium, L-Theanine;39.0;1364;21195;51612.0;648870.29;4.5;1725;1729441955742782311;https://echosell-images.tos-ap-southeast-1.volces.com/product-cover/226/1729441955742782311_0.webp;TikTok Shop US vía Ecom Magic;"21.195 unidades totales; 1.364 en 30 días (marca de Kourtney Kardashian).";Rojo;La melatonina es medicamento en Colombia.;Quitar melatonina y usar magnesio + L-teanina + manzanilla + pasiflora/melisa.;Incluido como referencia de las fórmulas con melatonina (Goli Dreamy, Juna, etc. siguen el mismo patrón).;productos_sueno_energia.json;
Corti-Soothe Capsules;Zoyava;US;SUE;Cortisol / estrés;Cápsula;Frasco;60 cápsulas;Mezcla de magnesio 200 mg (glicinato, óxido, citrato) | Ashwagandha 150 mg | L-teanina 150 mg | Fosfatidilserina 50 mg | Mezcla 100 mg: ginkgo, melena de león, albahaca sagrada, rhodiola, bacopa, ginseng, valeriana, magnolia, GABA | B6, B12, zinc, melisa, Bioperine;Magnesio + ashwagandha + L-teanina + fosfatidilserina + mezcla de adaptógenos;Apoyo al cortisol, estrés, calma y enfoque.;All-in-One Cortisol Supplement with Magnesium, Ashwagandha, L-Theanine & 10+ Extra Strength Ingredients;57.99;395;69477;22655.17;3668772.21;4.4;3536;1729566278343823744;https://echosell-images.tos-ap-southeast-1.volces.com/product-cover/827/1729566278343823744_0.webp;TikTok Shop US vía Ecom Magic;"69.477 unidades totales (GMV $3,7 M); versión gomita +12.211 uds.";Amarillo;Muchos botánicos (ashwagandha, rhodiola, ginseng, bacopa, magnolia) y GABA: requieren concepto.;Simplificar a magnesio + L-teanina + fosfatidilserina + B6/B12 + zinc (Verde) para el claim 'estrés'.;Tendencia 'cortisol' fuerte en 2025-2026.;productos_sueno_energia.json;
Magnesio Complex 4 tipos 710 mg;Beyond Vitamins;MX;SUE;Magnesio complejo;Cápsula;Frasco;60 cápsulas (también 120/180);Magnesio glicinato + citrato + gluconato + óxido 710 mg por cápsula;Magnesio complejo (glicinato+citrato+gluconato+óxido);Magnesio de alta pureza para relajación, sueño y músculos.;MAGNESIO COMPLEX | 4 tipos | 710 mg por cápsula | Alta pureza – Sin rellenos;18.79;2547;410050;27132.72;2872940.43;4.8;14566;1731735021975538370;https://echosell-images.tos-ap-southeast-1.volces.com/product-cover/143/1731735021975538370_0.webp;TikTok Shop MX vía Ecom Magic;"410.050 unidades totales y 14.566 reseñas en TikTok Shop MX; versión 180 cáps +287.347 uds.";Verde;Solo sales de magnesio.;Misma fórmula base que Toplux (con 4 sales): registrar 'Magnesio complejo' en cápsula.;Precio reportado por la herramienta ya en USD (~348 MXN). Marca inferida por la tienda (mismo shopId de listings 'Beyond Vitamins'). Otros kits de esa tienda muestran 250.000 uds con 0 videos: artefacto de datos, descartados.;productos_sueno_energia.json;Sí
Soporte para Cortisol + Myo-Inositol;WindBoss;MX;SUE;Cortisol / hormonal;Cápsula;Frasco;Kit 2 frascos (cantidad por frasco no confirmada);Myo-inositol | Vitamina D3 | Vitamina K2 | Magnesio | Ashwagandha KSM-66 | L-teanina;Ashwagandha KSM-66 + L-teanina + magnesio + myo-inositol + vitaminas D3/K2;Equilibrio del cortisol, estrés, balance hormonal y metabolismo.;Soporte para Cortisol + Myo-Inositol… para el Equilibrio Hormonal y Metabolismo Saludable;50.4;20974;103069;1057192.61;4230907.4;4.8;12379;1734639306450044736;https://echosell-images.tos-ap-southeast-1.volces.com/product-cover/661/1734639306450044736_0.webp;TikTok Shop MX vía Ecom Magic;"20.974 unidades en 30 días (~$1,06 M GMV/mes) en México, lanzado mar-2026; 103.069 totales.";Amarillo;"Ashwagandha; myo-inositol, vitaminas y magnesio son típicos de suplemento.";"Versión Verde: myo-inositol + magnesio + L-teanina + D3 + K2 (sin ashwagandha); claim 'bienestar hormonal' con cuidado.";Precio = GMV30d/ventas30d (salePrice del listing 154,9 USD es de kit/variantes). Vehículo cápsula por confirmar. Cruza con SXF (hormonal).;productos_sueno_energia.json;Sí
Bebida relajante Ashwagandha + Magnesio;Toyocare;MX;SUE;Bebida calmante / cortisol;Sachet/Stick;Caja con sachets;20 sobres;Ashwagandha KSM-66 | Vitamina D3 | Magnesio | L-teanina;Ashwagandha KSM-66 + L-teanina + magnesio glicinato + vitamina D3;Equilibra el cortisol, mejora ánimo y sueño y reduce el estrés ocasional.;Bebida relajante con Ashwagandha KSM-66, vitamina D3, magnesio y L-teanina;33.8;1452;58876;49059.35;2104491.3;4.7;4996;1731836362546840681;https://echosell-images.tos-ap-southeast-1.volces.com/product-cover/6/1731836362546840681_0.webp;TikTok Shop MX vía Ecom Magic;"58.876 unidades totales en MX (GMV $2,1 M); clon directo de Nello Supercalm.";Amarillo;Ashwagandha KSM-66.;Misma fórmula que Nello: sobres de Mg glicinato + L-teanina + D3 (+ botánico permitido) bajo un solo registro.;"Precio = GMV30d/ventas30d (~625 MXN); salePrice listado 78,42 USD incluye packs.";productos_sueno_energia.json;
Ashwagandha KSM-66 + L-Teanina + PS Softgels;WindBoss;MX;SUE;Ashwagandha / estrés;Softgel;Frasco;60 cápsulas blandas;Ashwagandha KSM-66 | L-teanina | Fosfatidilserina (PS) | Pimienta negra;Ashwagandha KSM-66 + L-teanina + fosfatidilserina;Apoya cortisol, estrés, ansiedad y sueño.;Apoya Cortisol, Estrés, Ansiedad y Sueño;39.5;3805;21236;150329.04;645965.78;4.8;2208;1734921884953445503;https://echosell-images.tos-ap-southeast-1.volces.com/product-cover/489/1734921884953445503_0.webp;TikTok Shop MX vía Ecom Magic;"3.805 unidades en 30 días ($150 mil) desde abr-2026; ventas 7d en aceleración (993).";Amarillo;"Ashwagandha; claim 'ansiedad' no permitido en suplemento.";"Softgel de L-teanina + fosfatidilserina + magnesio; evitar claims de ansiedad.";Precio = GMV30d/ventas30d. Único softgel relevante encontrado en las categorías.;productos_sueno_energia.json;Sí
Cortisol Calm;No identificada;MX;SUE;Cortisol / estrés;Cápsula;Frasco;Cápsulas para 60 días;Ashwagandha KSM-66 (4500 mg equivalentes) | L-teanina | Magnesio | Vitamina C;Ashwagandha KSM-66 + L-teanina + magnesio + vitamina C;Estrés, ánimo y sueño.;Ashwagandha KSM-66 4500 mg Alta Concentración + L-Teanina, Magnesio y Vitamina C;24.6;660;29339;16252.75;787705.49;4.7;1979;1731541122450163597;https://echosell-images.tos-ap-southeast-1.volces.com/product-cover/785/1731541122450163597_0.webp;TikTok Shop MX vía Ecom Magic;29.339 unidades totales en MX (GMV $788 mil).;Amarillo;Ashwagandha en alta dosis.;Igual que el resto de fórmulas 'cortisol': Mg + L-teanina + vit C sin ashwagandha para Verde.;Precio = GMV30d/ventas30d. Misma tienda que suplemento masculino de maca/shilajit.;productos_sueno_energia.json;
Creatine Monohydrate 3g;Wellah;US;ENE;Creatina;Polvo;Tarro;50 porciones de 3 g (150 g);Creatina monohidrato 3 g/porción;Creatina monohidrato;Energía, fuerza, recuperación muscular y salud cognitiva.;Supports Energy, Muscle Recovery & Strength, Cognitive Health;18.87;32414;629880;496933.79;9239450.51;4.6;58364;1729456281219469588;https://echosell-images.tos-ap-southeast-1.volces.com/product-cover/907/1729456281219469588_0.webp;TikTok Shop US vía Ecom Magic;"32.414 unidades en 30 días y 629.880 totales (GMV $9,2 M); 58.364 reseñas.";Verde;Creatina monohidrato, aminoácido derivado habitual en suplementos deportivos.;Registrar creatina monohidrato micronizada en polvo (sin sabor y saborizada) para varias marcas.;Empaque por confirmar. Creatina también top: EKKO (616.809 uds) y Nutricost (20.023 uds/30d).;productos_sueno_energia.json;
Creatine Gummies;Bloom Nutrition;US;ENE;Creatina en gomita;Gomita;Frasco;Gomitas (porción 3 gomitas);Creatina monohidrato (5 g/porción según tienda);Creatina monohidrato;Energía, salud cognitiva y recuperación post-entreno para mujeres.;Creatine Gummies - Energy, Cognitive Health & Post-Workout Muscle Recovery;38.98;6886;154058;255679.38;3612247.2;4.1;12584;1731326725491037115;https://echosell-images.tos-ap-southeast-1.volces.com/product-cover/134/1731326725491037115_0.webp;TikTok Shop US vía Ecom Magic;"154.058 unidades totales (GMV $3,6 M); 6.886 en 30 días. Gomitas de creatina = tendencia 2026 (Beast Bites 415 mil, Vital Source 62 mil, arrae 17 mil en 3 meses).";Verde;Creatina en gomita, ingrediente de suplemento.;"Gomita de creatina 1-1,5 g/gomita; validar estabilidad y dosis real (hay escándalos de gomitas con poca creatina en EE. UU.).";Dosis por confirmar en etiqueta.;productos_sueno_energia.json;
Women's Creatine Shelf Builder;Clean Nutra;US;ENE;Creatina para mujer;Polvo;Tarro;Tarro (porciones no confirmadas);Creatina monohidrato | BCAA | Colágeno | Myo-inositol | L-glutamina;Creatina monohidrato + colágeno hidrolizado (+ BCAA + myo-inositol);Fuerza, tono y bienestar/belleza para mujeres.;Women's Creatine Monohydrate Powder with BCAAs, Collagen, Myo-Inositol, L-Glutamine;49.99;12749;61633;1706631.54;6187565.26;4.5;3209;1730298995359257108;https://echosell-images.tos-ap-southeast-1.volces.com/product-cover/395/1730298995359257108_0.webp;TikTok Shop US vía Ecom Magic;"12.749 unidades en 30 días con $1,7 M de GMV mensual; 61.633 totales.";Verde;Creatina, aminoácidos, colágeno e inositol: típicos de suplemento.;Registrar 'creatina + colágeno + BCAA + myo-inositol' en polvo (fórmula 'creatina para mujer').;"salePrice medio $149,97 por packs; precio unitario mínimo $49,99.";productos_sueno_energia.json;
PeachPout Creatine for Women;YESNAP;US;ENE;Creatina para mujer;Sachet/Stick;Caja con sachets;30 sobres;Creatina monohidrato 5 g | Colágeno 5 g | Myo-inositol | BCAA | Maca | Ácido hialurónico;Creatina monohidrato + colágeno hidrolizado (+ BCAA + myo-inositol);Todo en uno para mujer: fuerza, piel y bienestar.;5g Creatine Monohydrate + 5g Collagen Powder, Myo-Inositol & BCAA, MACA, Hyaluronic Acid;44.01;33914;70000;1228801.95;2512842.15;4.4;6357;1732376373883998234;https://echosell-images.tos-ap-southeast-1.volces.com/product-cover/724/1732376373883998234_0.webp;TikTok Shop US vía Ecom Magic;"33.914 unidades en 30 días ($1,23 M) con solo 4 meses en tienda; tendencia de ventas al alza.";Amarillo;"Maca (botánico) y ácido hialurónico pueden pedir concepto; resto Verde.";Quitar maca: sobres de creatina 5 g + colágeno 5 g + myo-inositol + ácido hialurónico (Verde/Amarillo leve).;Ganador emergente del formato sobre individual.;productos_sueno_energia.json;Sí
Creatine Monohydrate + Multi Collagen;NeoCell;US;ENE;Creatina + colágeno;Polvo;Tarro;30 porciones;Creatina monohidrato | Péptidos de colágeno multi-tipo;Creatina monohidrato + colágeno hidrolizado;Músculo magro y fuerza con colágeno.;Creatine Monohydrate Powder - With Multi Collagen Peptides;51.98;11550;76026;490108.24;3624133.36;4.5;7822;1731879068559446157;https://echosell-images.tos-ap-southeast-1.volces.com/product-cover/38/1731879068559446157_0.webp;TikTok Shop US vía Ecom Magic;11.550 unidades en 30 días ($490 mil) desde nov-2025.;Verde;Creatina y colágeno: suplemento.;"Variante simple de la fórmula creatina + colágeno; mismo registro si la composición coincide.";;productos_sueno_energia.json;
Salud 2-in-1 Hydration + Immunity;Salud;US;ENE;Electrolitos;Sachet/Stick;Caja con sachets;15 sobres;Electrolitos 400 mg | Beta-glucano Wellmune 250 mg | Saúco (elderberry) 100 mg;Electrolitos (Na, K, Mg) + beta-glucano + saúco;Hidratación tipo agua fresca con apoyo inmune.;2-in-1 [Hydration + Immunity] Electrolytes, Agua Fresca Drink Mix;36.26;5779;162147;193305.41;3794806.03;4.6;10757;1729682930713203690;https://echosell-images.tos-ap-southeast-1.volces.com/product-cover/350/1729682930713203690_0.webp;TikTok Shop US vía Ecom Magic;"162.147 unidades totales (GMV $3,8 M); colab Salud x Tajín lanzada jul-2026.";Verde;Electrolitos, beta-glucano y extracto de saúco habituales en suplementos.;Sobres de electrolitos sabor agua fresca (jamaica, pepino-sandía, tamarindo) muy adaptable al gusto latino.;"Marca latina; sabores mexicanos. Otros electrolitos fuertes: Fire Salt (67 mil uds), Micro Ingredients (117 mil), EKKO (86 mil).";productos_sueno_energia.json;
RYSE Loaded Pre Workout;RYSE;US;ENE;Pre-entreno;Polvo;Tarro;30 porciones;Cafeína >300 mg | Beta-alanina | L-citrulina;Cafeína + beta-alanina + L-citrulina (pre-entreno);Energía, enfoque y bombeo para entrenar.;Daily Pre-Workout… over 300mg Caffeine, Beta Alanine, and Citrulline;45.99;1044;159761;44989.56;5729446.02;4.7;8141;1729410344049611774;https://echosell-images.tos-ap-southeast-1.volces.com/product-cover/358/1729410344049611774_0.webp;TikTok Shop US vía Ecom Magic;"159.761 unidades totales (GMV $5,7 M); RAW Essential Pre suma 5.561 uds/30d.";Amarillo;Cafeína alta (>300 mg/porción) tiene límites en Colombia.;Bajar cafeína a ≤200 mg y mantener beta-alanina + citrulina + taurina.;;productos_sueno_energia.json;
NAD+ 1000mg Drink Mix;ZOOONE;US;ENE;NAD+ / energía celular;Sachet/Stick;Caja con sachets;30 sobres;NAD+ 1000 mg | CoQ10 | Resveratrol;NAD+ + CoQ10 + resveratrol;Energía diaria y apoyo al envejecimiento de la piel.;1000mg NAD+… with CoQ10 Formula & NAD+ Resveratrol, Daily Energy;183.7;2450;320181;450079.48;16313764.21;4.5;21194;1730501450773467985;https://echosell-images.tos-ap-southeast-1.volces.com/product-cover/104/1730501450773467985_0.webp;TikTok Shop US vía Ecom Magic;"320.181 unidades totales (GMV $16,3 M); NAD+/NMN es la tendencia longevidad 2026 (Cata-Kor NMN: 5.792 uds/30d).";Amarillo;"NAD+ no es ingrediente tradicional de suplemento en Colombia; requiere evaluación de ingrediente nuevo.";Alternativa Verde: CoQ10 + niacina (B3) + resveratrol + magnesio en sobre, claim 'energía'.;"Precio = GMV30d/ventas30d (packs); precio mínimo listado $99,99. Cruza con COL (antiedad).";productos_sueno_energia.json;
NMN Powder 1000 mg;Cata-Kor;US;ENE;NMN / energía celular;Polvo;Tarro;105 g / 100 porciones;NMN (nicotinamida mononucleótido) 1000 mg/porción;NMN (precursor de NAD+);Energía celular y longevidad (precursor de NAD+).;Pure NMN Powder 1000 mg… NAD Supplement Alternative;202.4;5792;10514;1172584.1;1180144.1;4.7;719;1732518764939481310;https://echosell-images.tos-ap-southeast-1.volces.com/product-cover/326/1732518764939481310_0.webp;TikTok Shop US vía Ecom Magic;5.792 unidades y $1,17 M de GMV en 30 días, lanzado ago-2026 (explosivo).;Rojo;"NMN es considerado fármaco en investigación (FDA lo excluyó de suplementos); en Colombia no aparece como ingrediente de suplemento.";Sustituir por niacinamida/niacina + CoQ10 + resveratrol (claim energía, Verde/Amarillo).;"Precio = GMV30d/ventas30d; ticket muy alto.";productos_sueno_energia.json;
Creatina Monohidratada 450 g;Birdman;MX;ENE;Creatina;Polvo;Bolsa doypack;450 g / 90 porciones;Creatina monohidrato micronizada 5 g/porción (sello CreaClean);Creatina monohidrato;Fuerza, rendimiento y recuperación muscular.;Creatina Monohidratada… Micronizada | sello CreaClean | Sin Saborizantes;37.03;2061;808630;57305.26;15812352.04;4.9;6852;1731780484756704052;https://echosell-images.tos-ap-southeast-1.volces.com/product-cover/315/1731780484756704052_0.webp;TikTok Shop MX vía Ecom Magic;"808.630 unidades totales en TikTok Shop MX (GMV $15,8 M); Birdman es top en Mercado Libre MX.";Verde;Creatina monohidrato.;Misma fórmula que Wellah/EKKO: un registro de creatina monohidrato en polvo para varias marcas.;Precio ya en USD (~685 MXN). Empaque probable doypack (por confirmar).;productos_sueno_energia.json;Sí
Creatine Electrolyte Refresher;Birdman;MX;ENE;Creatina + electrolitos;Polvo;Bolsa doypack;Bolsa (porciones no confirmadas);Creatina monohidrato | Electrolitos | Magnesio glicinato | Vitaminas;Creatina monohidrato + electrolitos + magnesio glicinato + vitaminas;Hidratación y rendimiento 0 calorías.;creatina monohidratada + electrolitos + magnesio glicinato + vitaminas;31.62;280;16543;6711.99;412218.17;4.8;870;1732197213365766964;https://echosell-images.tos-ap-southeast-1.volces.com/product-cover/920/1732197213365766964_0.webp;TikTok Shop MX vía Ecom Magic;"16.543 unidades totales en MX; formato 'creatina + electrolitos' en auge (varios clones 2026).";Verde;Creatina, minerales y vitaminas.;"Polvo saborizado creatina + electrolitos + Mg glicinato; muy apto para clima cálido colombiano.";"Precio ya en USD; empaque por confirmar.";productos_sueno_energia.json;
NAD+ para Hombres;Selerb;MX;ENE;NAD+ / energía masculina;Cápsula;Frasco;60 cápsulas;NAD+ liposomal | CoQ10 | L-carnitina | L-arginina | Maca | Ashwagandha;NAD+ + CoQ10 + L-carnitina + L-arginina + maca + ashwagandha;Energía, circulación y vitalidad masculina.;Soporte de Energía, Circulación y Próstata;45.4;2072;22660;94052.8;948735.37;4.6;1649;1733212811552327361;https://echosell-images.tos-ap-southeast-1.volces.com/product-cover/579/1733212811552327361_0.webp;TikTok Shop MX vía Ecom Magic;22.660 unidades totales en MX y 2.072 en 30 días desde feb-2026.;Amarillo;"NAD+ (ingrediente nuevo), maca y ashwagandha; claim de próstata no permitido.";"CoQ10 + L-carnitina + L-arginina + B3 (Verde) con claim de energía; sin claims de próstata.";Precio = GMV30d/ventas30d. Cruza con SXM.;productos_sueno_energia.json;Sí
Organic 10-in-1 Mushroom Coffee;Micro Ingredients;US;CER;Café de hongos;Polvo;Bolsa doypack;Bolsa (14 oz aprox.);Café arábica instantáneo orgánico | Mezcla de hongos: melena de león, chaga, reishi, cordyceps, cola de pavo, shiitake, maitake, entre otros;Café instantáneo + hongos funcionales (melena de león, chaga, cordyceps, reishi...);Energía estable y enfoque con hongos funcionales.;Organic Instant 10 in 1 Mushroom Coffee Powder;37.8;4704;219815;172609.08;6637690.88;4.7;29018;1729385057785057965;https://echosell-images.tos-ap-southeast-1.volces.com/product-cover/917/1729385057785057965_0.webp;TikTok Shop US vía Ecom Magic;219.815 unidades totales (GMV $6,6 M) y 4.704 en 30 días.;Amarillo;Hongos medicinales (reishi, cordyceps, melena de león) pueden requerir concepto de Sala Especializada.;Café instantáneo + melena de león + chaga (o solo café + L-teanina como versión Verde).;Bolsa por confirmar.;productos_sueno_energia.json;
RYZE Mushroom Coffee;RYZE;US;CER;Café de hongos;Polvo;Bolsa doypack;30 porciones;Café orgánico | 6 hongos: cordyceps, melena de león, reishi, shiitake, cola de pavo, king trumpet | Aceite MCT | Fibra de acacia;Café instantáneo + hongos funcionales (melena de león, chaga, cordyceps, reishi...);Energía sin nerviosismo, enfoque, digestión e inmunidad.;Organic Mushroom Coffee… Instant Healthy Focus Beverage, 6 Adaptogenic Mushrooms;94.24;1211;54873;103880.39;3102631.93;4.6;6801;1729433445907992834;https://echosell-images.tos-ap-southeast-1.volces.com/product-cover/711/1729433445907992834_0.webp;TikTok Shop US vía Ecom Magic;"54.873 unidades totales; 53.731 creadores afiliados y 7.631 videos en 30 días (marca de anuncios masivos).";Amarillo;Hongos medicinales.;"Misma base 'café + hongos' que Micro Ingredients; un solo registro con mezcla de hongos aceptados.";"salePrice medio incluye packs; precio mínimo $58,49.";productos_sueno_energia.json;
Organic Lion's Mane Powder;Micro Ingredients;US;CER;Melena de león;Polvo;Bolsa doypack;Bolsa (8 oz aprox.);Melena de león (Hericium erinaceus) orgánica en polvo;Melena de león (Hericium erinaceus);Memoria, enfoque y salud cerebral.;Organic Lions Mane Mushroom Supplement Powder;37.8;362;154341;8810.43;4644729.16;4.5;9049;1729385055255892653;https://echosell-images.tos-ap-southeast-1.volces.com/product-cover/440/1729385055255892653_0.webp;TikTok Shop US vía Ecom Magic;"154.341 unidades totales (GMV $4,6 M); versión cápsulas con L-ergotioneína +41.567 uds.";Amarillo;"Hongo medicinal; en Colombia puede clasificarse como fitoterapéutico.";"Cápsula o polvo de melena de león; si INVIMA no lo acepta, usar fosfatidilserina + colina + B12.";"Producto maduro; ventas 30d bajas.";productos_sueno_energia.json;
Super Mushroom Focus Gummies;No identificada (listing 'Super Mushroom Focus Gummies®');US;CER;Gomitas de hongos para enfoque;Gomita;Frasco;Gomitas (cantidad no confirmada);"Mezcla de hongos funcionales para enfoque (melena de león y otros; composición no confirmada)";Hongos funcionales (melena de león...) en gomita;Enfoque y claridad mental.;Super Mushroom Focus Gummies®;44.99;703;27635;29971.31;928262.52;4.2;1568;1729404585324483459;https://echosell-images.tos-ap-southeast-1.volces.com/product-cover/55/1729404585324483459_0.webp;TikTok Shop US vía Ecom Magic;27.635 unidades totales (GMV $928 mil).;Amarillo;Hongos medicinales.;"Gomita de melena de león + B12 + colina; o L-teanina + B6/B12 (Verde).";Ingredientes no verificados (búsqueda web agotada).;productos_sueno_energia.json;
MindFlex Focus Gummies;Project Superhuman;US;CER;Nootrópico en gomita;Gomita;Frasco;60 gomitas;Alfa-GPC | Bacopa monnieri | Melena de león | Huperzina A | Vitamina B6 | Vitamina B12;Alfa-GPC + bacopa + melena de león + huperzina A + B6 + B12;Enfoque, memoria y claridad mental sin cafeína.;6-in-1 Nootropic Brain Support with Alpha GPC, Bacopa Monnieri, Lion's Mane, Huperzine A;39.0;190;6389;4775.12;162261.14;4.5;738;1731442921845068458;https://echosell-images.tos-ap-southeast-1.volces.com/product-cover/620/1731442921845068458_0.webp;TikTok Shop US vía Ecom Magic;"6.389 unidades totales; ventas 7d en aumento (122 en 7 días).";Rojo;Huperzina A es un inhibidor de acetilcolinesterasa (actividad farmacológica): no aceptable en suplemento.;Quitar huperzina A: gomita de alfa-GPC/colina + bacopa + melena de león + B6/B12 (Amarillo por botánicos).;Nootrópicos tienen ventas modestas en TikTok frente a magnesio/creatina.;productos_sueno_energia.json;
Café soluble con hongos (Moka);Beyond Vitamins (inferida);MX;CER;Café de hongos;Polvo;Bolsa doypack;Bolsa (porciones no confirmadas);Café soluble | Melena de león | Chaga | Shiitake;Café instantáneo + hongos funcionales (melena de león, chaga, cordyceps, reishi...);Energía y enfoque con hongos adaptógenos, bajo en calorías.;Café potenciado con hongos adaptógenos Melena de León, Chaga y Shiitake;20.2;163;10455;3299.27;193018.27;4.7;719;1731735457037060802;https://echosell-images.tos-ap-southeast-1.volces.com/product-cover/157/1731735457037060802_0.webp;TikTok Shop MX vía Ecom Magic;10.455 unidades totales en MX (+10.070 del sabor capuchino).;Amarillo;Hongos medicinales.;"Café soluble + melena de león + chaga en sobres o bolsa; misma base que Micro Ingredients/RYZE.";Precio = GMV30d/ventas30d (~375 MXN). Marca inferida por shopId.;productos_sueno_energia.json;
